data_source,route_id,id_origin_city,id_destination_city,weekly_train,desserte_type
spain,0100751003VRX,01007,51003,1,Sous-desservi
spain,0203055020VRX,02030,55020,5,Sous-desservi
spain,0310017000VRX,03100,17000,6,Sous-desservi
spain,0310050500VRX,03100,50500,2,Sous-desservi
spain,0310051405VRX,03100,51405,15,Desserte Normale
spain,0321303216AV008,03213,03216,23,Desserte Normale
spain,0321317000AV006,03213,17000,24,Desserte Normale
spain,0321317000LC112,03213,17000,7,Desserte Normale
spain,0321360000AV006,03213,60000,2,Sous-desservi
spain,0321603213AV008,03216,03213,15,Desserte Normale
spain,0321611014AV006,03216,11014,4,Sous-desservi
spain,0321615100AV006,03216,15100,26,Desserte Normale
spain,0321617000AV006,03216,17000,57,Bien desservi
spain,0321617000LC112,03216,17000,14,Desserte Normale
spain,0321651003AV006,03216,51003,1,Sous-desservi
spain,0321665300AV006,03216,65300,4,Sous-desservi
spain,0404010600GL026,04040,10600,11,Desserte Normale
spain,0404011200GL026,04040,11200,11,Desserte Normale
spain,0404011200VRX,04040,11200,2,Sous-desservi
spain,0404011208VRX,04040,11208,10,Desserte Normale
spain,0404017000VRE,04040,17000,1,Sous-desservi
spain,0404017000VRR,04040,17000,1,Sous-desservi
spain,0404030100GL026,04040,30100,11,Desserte Normale
spain,0404060000AV006,04040,60000,3,Sous-desservi
spain,0404065000VRX,04040,65000,3,Sous-desservi
spain,0404067017VRX,04040,67017,2,Sous-desservi
spain,0404067200VRR,04040,67200,2,Sous-desservi
spain,0404070300VRE,04040,70300,1,Sous-desservi
spain,0404070300VRR,04040,70300,1,Sous-desservi
spain,0404070403VRR,04040,70403,3,Sous-desservi
spain,0404070500VRR,04040,70500,3,Sous-desservi
spain,0404070600AV008,04040,70600,12,Desserte Normale
spain,0404070600VRR,04040,70600,5,Sous-desservi
spain,0404071300VRR,04040,71300,1,Sous-desservi
spain,0404071801AV006,04040,71801,23,Desserte Normale
spain,0404071801GL023,04040,71801,30,Desserte Normale
spain,0404074200AV006,04040,74200,2,Sous-desservi
spain,0404074200VRR,04040,74200,4,Sous-desservi
spain,0404074217VRR,04040,74217,3,Sous-desservi
spain,0404078302VRE,04040,78302,1,Sous-desservi
spain,0404078302VRR,04040,78302,2,Sous-desservi
spain,0404078400AV006,04040,78400,2,Sous-desservi
spain,0404078400GL023,04040,78400,25,Desserte Normale
spain,0404078400VRE,04040,78400,3,Sous-desservi
spain,0404078400VRR,04040,78400,2,Sous-desservi
spain,0404079400VRE,04040,79400,2,Sous-desservi
spain,0430760000AV006,04307,60000,12,Desserte Normale
spain,0430760911GL012,04307,60911,1,Sous-desservi
spain,0430765000GL012,04307,65000,2,Sous-desservi
spain,0430771801AV008,04307,71801,24,Desserte Normale
spain,0430787089AV016,04307,87089,47,Desserte Normale
spain,0430787303AV016,04307,87303,10,Desserte Normale
spain,0500051003AV008,05000,51003,8,Desserte Normale
spain,0500054413AV008,05000,54413,7,Desserte Normale
spain,0500056312VRX,05000,56312,6,Sous-desservi
spain,0500060000AV006,05000,60000,10,Desserte Normale
spain,0500060000GL023,05000,60000,2,Sous-desservi
spain,0500071801AV006,05000,71801,2,Sous-desservi
spain,0519321010VRFV,05193,21010,2,Sous-desservi
spain,0545105778VRFV,05451,05778,1,Sous-desservi
spain,0545114223VRFV,05451,14223,4,Sous-desservi
spain,0549705451VRFV,05497,05451,1,Sous-desservi
spain,0557115211VRFV,05571,15211,2,Sous-desservi
spain,0577805451VRFV,05778,05451,1,Sous-desservi
spain,0600665000GL026,06006,65000,6,Sous-desservi
spain,0700461200GL026,07004,61200,2,Sous-desservi
spain,0800411014AV006,08004,11014,4,Sous-desservi
spain,0800417000AV008,08004,17000,18,Desserte Normale
spain,0800430100GL023,08004,30100,18,Desserte Normale
spain,0822311208GL023,08223,11208,25,Desserte Normale
spain,0822315100VRM,08223,15100,17,Desserte Normale
spain,0822317000AV006,08223,17000,7,Desserte Normale
spain,0822317000LC112,08223,17000,2,Sous-desservi
spain,0822322100VRM,08223,22100,17,Desserte Normale
spain,0822331400VRR,08223,31400,4,Sous-desservi
spain,0822331412VRR,08223,31412,10,Desserte Normale
spain,0822331412VRX,08223,31412,25,Desserte Normale
spain,0822371801GL023,08223,71801,25,Desserte Normale
spain,1000010600VRX,10000,10600,2,Sous-desservi
spain,1000011208VRE,10000,11208,1,Sous-desservi
spain,1000011300VRX,10000,11300,2,Sous-desservi
spain,1000011600VRX,10000,11600,4,Sous-desservi
spain,1000014100VRX,10000,14100,7,Desserte Normale
spain,1000015100VRX,10000,15100,12,Desserte Normale
spain,1000030110VRX,10000,30110,10,Desserte Normale
spain,1040010600VRE,10400,10600,2,Sous-desservi
spain,1040010610VRE,10400,10610,1,Sous-desservi
spain,1040017000VRR,10400,17000,2,Sous-desservi
spain,1040018000VRR,10400,18000,3,Sous-desservi
spain,1050010600VRN,10500,10600,16,Desserte Normale
spain,1050010610VRN,10500,10610,1,Sous-desservi
spain,1050011000VRN,10500,11000,1,Sous-desservi
spain,1050014100VRN,10500,14100,14,Desserte Normale
spain,1060004040GL026,10600,04040,11,Desserte Normale
spain,1060008004GL023,10600,08004,3,Sous-desservi
spain,1060010000VRX,10600,10000,1,Sous-desservi
spain,1060010400VRE,10600,10400,2,Sous-desservi
spain,1060010500VRN,10600,10500,11,Desserte Normale
spain,1060011014AV006,10600,11014,4,Sous-desservi
spain,1060011200VRX,10600,11200,6,Sous-desservi
spain,1060014100VRN,10600,14100,25,Desserte Normale
spain,1060014223VRE,10600,14223,43,Desserte Normale
spain,1060014223VRX,10600,14223,3,Sous-desservi
spain,1060015100AV006,10600,15100,24,Desserte Normale
spain,1060015100VRX,10600,15100,7,Desserte Normale
spain,1060015410VRR,10600,15410,8,Desserte Normale
spain,1060015410VRX,10600,15410,1,Sous-desservi
spain,1060017000AV008,10600,17000,44,Desserte Normale
spain,1060017000GL023,10600,17000,5,Sous-desservi
spain,1060020200VRX,10600,20200,1,Sous-desservi
spain,1060030100GL026,10600,30100,11,Desserte Normale
spain,1060030100VRX,10600,30100,1,Sous-desservi
spain,1060030110VRE,10600,30110,4,Sous-desservi
spain,1060030110VRX,10600,30110,4,Sous-desservi
spain,1060031200VRE,10600,31200,1,Sous-desservi
spain,1060060911AV006,10600,60911,18,Desserte Normale
spain,1060060911GL023,10600,60911,8,Desserte Normale
spain,1060060911LC112,10600,60911,3,Sous-desservi
spain,1100010500VRN,11000,10500,1,Sous-desservi
spain,1101403216AV006,11014,03216,3,Sous-desservi
spain,1101408004AV006,11014,08004,3,Sous-desservi
spain,1101410600AV006,11014,10600,3,Sous-desservi
spain,1101461200AV006,11014,61200,3,Sous-desservi
spain,1101480100VRE,11014,80100,1,Sous-desservi
spain,1120004040GL026,11200,04040,11,Desserte Normale
spain,1120004040VRX,11200,04040,26,Desserte Normale
spain,1120010600VRX,11200,10600,6,Sous-desservi
spain,1120011014VRE,11200,11014,1,Sous-desservi
spain,1120011300VRE,11200,11300,1,Sous-desservi
spain,1120011300VRR,11200,11300,3,Sous-desservi
spain,1120011511GL026,11200,11511,2,Sous-desservi
spain,1120011600GL023,11200,11600,2,Sous-desservi
spain,1120011600VRE,11200,11600,1,Sous-desservi
spain,1120013200GL023,11200,13200,12,Desserte Normale
spain,1120013200GL026,11200,13200,7,Desserte Normale
spain,1120071100VRE,11200,71100,2,Sous-desservi
spain,1120080100VRE,11200,80100,1,Sous-desservi
spain,1120081200VRE,11200,81200,1,Sous-desservi
spain,1120804040VRX,11208,04040,25,Desserte Normale
spain,1120810000VRE,11208,10000,1,Sous-desservi
spain,1120811511GL026,11208,11511,3,Sous-desservi
spain,1120815100GL023,11208,15100,25,Desserte Normale
spain,1130010000VRX,11300,10000,1,Sous-desservi
spain,1130011200VRE,11300,11200,1,Sous-desservi
spain,1130011200VRR,11300,11200,3,Sous-desservi
spain,1130014100VRX,11300,14100,1,Sous-desservi
spain,1151111200GL026,11511,11200,2,Sous-desservi
spain,1151111208GL026,11511,11208,3,Sous-desservi
spain,1151117000GL026,11511,17000,2,Sous-desservi
spain,1151171801GL023,11511,71801,7,Desserte Normale
spain,1151178400GL023,11511,78400,7,Desserte Normale
spain,1160010000VRX,11600,10000,3,Sous-desservi
spain,1160010600GL023,11600,10600,2,Sous-desservi
spain,1160011200GL023,11600,11200,1,Sous-desservi
spain,1160011200VRE,11600,11200,3,Sous-desservi
spain,1160014100VRX,11600,14100,3,Sous-desservi
spain,1160017000GL023,11600,17000,5,Sous-desservi
spain,1160017000GL026,11600,17000,2,Sous-desservi
spain,1200612100VRR,12006,12100,2,Sous-desservi
spain,1210012006VRR,12100,12006,2,Sous-desservi
spain,1210018000VRR,12100,18000,16,Desserte Normale
spain,1320010600GL023,13200,10600,2,Sous-desservi
spain,1320011200GL023,13200,11200,36,Desserte Normale
spain,1320011200GL026,13200,11200,7,Desserte Normale
spain,1320017000GL023,13200,17000,7,Desserte Normale
spain,1320071801GL023,13200,71801,30,Desserte Normale
spain,1410010000VRX,14100,10000,5,Sous-desservi
spain,1410010500VRN,14100,10500,31,Desserte Normale
spain,1410010600VRN,14100,10600,26,Desserte Normale
spain,1410011300VRX,14100,11300,2,Sous-desservi
spain,1410011600VRX,14100,11600,4,Sous-desservi
spain,1410015100VRE,14100,15100,6,Sous-desservi
spain,1410030110VRX,14100,30110,6,Sous-desservi
spain,1422305451VRFV,14223,05451,3,Sous-desservi
spain,1422310600VRE,14223,10600,23,Desserte Normale
spain,1422310600VRX,14223,10600,3,Sous-desservi
spain,1422315211VRFV,14223,15211,2,Sous-desservi
spain,1422317000GL023,14223,17000,6,Sous-desservi
spain,1422317000GL026,14223,17000,1,Sous-desservi
spain,1422360911GL023,14223,60911,5,Sous-desservi
spain,1510003216AV006,15100,03216,20,Desserte Normale
spain,1510008223VRM,15100,08223,37,Desserte Normale
spain,1510010000VRX,15100,10000,14,Desserte Normale
spain,1510010600AV006,15100,10600,7,Desserte Normale
spain,1510010600VRE,15100,10600,3,Sous-desservi
spain,1510010600VRX,15100,10600,20,Desserte Normale
spain,1510014100VRE,15100,14100,3,Sous-desservi
spain,1510015410LC112,15100,15410,5,Sous-desservi
spain,1510015410VRX,15100,15410,1,Sous-desservi
spain,1510017000AV006,15100,17000,1,Sous-desservi
spain,1510017000GL026,15100,17000,2,Sous-desservi
spain,1510017000LC112,15100,17000,2,Sous-desservi
spain,1510020200VRE,15100,20200,3,Sous-desservi
spain,1510060911AV006,15100,60911,21,Desserte Normale
spain,1510071801GL023,15100,71801,25,Desserte Normale
spain,1521105571VRFV,15211,05571,2,Sous-desservi
spain,1521114223VRFV,15211,14223,2,Sous-desservi
spain,1521121010VRFV,15211,21010,2,Sous-desservi
spain,1541010600VRR,15410,10600,3,Sous-desservi
spain,1541015100GL023,15410,15100,3,Sous-desservi
spain,1541015100VRR,15410,15100,3,Sous-desservi
spain,1541015100VRX,15410,15100,1,Sous-desservi
spain,1541017000AV006,15410,17000,8,Desserte Normale
spain,1541017000GL023,15410,17000,6,Sous-desservi
spain,1541017000LC112,15410,17000,2,Sous-desservi
spain,1541060911GL023,15410,60911,3,Sous-desservi
spain,1541065300AV006,15410,65300,3,Sous-desservi
spain,1640317000GL023,16403,17000,5,Sous-desservi
spain,1700003100VRX,17000,03100,6,Sous-desservi
spain,1700003213AV006,17000,03213,3,Sous-desservi
spain,1700003213LC112,17000,03213,14,Desserte Normale
spain,1700003216AV006,17000,03216,50,Desserte Normale
spain,1700003216LC112,17000,03216,14,Desserte Normale
spain,1700004040VRE,17000,04040,2,Sous-desservi
spain,1700004040VRR,17000,04040,1,Sous-desservi
spain,1700008004AV008,17000,08004,22,Desserte Normale
spain,1700008223AV006,17000,08223,12,Desserte Normale
spain,1700008223LC112,17000,08223,3,Sous-desservi
spain,1700010400VRR,17000,10400,1,Sous-desservi
spain,1700010600AV006,17000,10600,3,Sous-desservi
spain,1700010600AV008,17000,10600,79,Bien desservi
spain,1700010600GL023,17000,10600,14,Desserte Normale
spain,1700010600GL026,17000,10600,3,Sous-desservi
spain,1700010600LC112,17000,10600,5,Sous-desservi
spain,1700011600GL023,17000,11600,4,Sous-desservi
spain,1700011600GL026,17000,11600,2,Sous-desservi
spain,1700013200GL023,17000,13200,9,Desserte Normale
spain,1700014223GL023,17000,14223,11,Desserte Normale
spain,1700014223GL026,17000,14223,1,Sous-desservi
spain,1700015100AV006,17000,15100,3,Sous-desservi
spain,1700015100LC112,17000,15100,5,Sous-desservi
spain,1700015410AV006,17000,15410,6,Sous-desservi
spain,1700015410GL023,17000,15410,9,Desserte Normale
spain,1700015410LC112,17000,15410,5,Sous-desservi
spain,1700016403GL023,17000,16403,4,Sous-desservi
spain,1700020200GL026,17000,20200,3,Sous-desservi
spain,1700020309GL023,17000,20309,3,Sous-desservi
spain,1700022100AV006,17000,22100,10,Desserte Normale
spain,1700022100GL023,17000,22100,3,Sous-desservi
spain,1700022100LC112,17000,22100,11,Desserte Normale
spain,1700030100GL023,17000,30100,18,Desserte Normale
spain,1700031412AV006,17000,31412,16,Desserte Normale
spain,1700031412LC112,17000,31412,11,Desserte Normale
spain,1700035400VRX,17000,35400,70,Bien desservi
spain,1700037200VRX,17000,37200,16,Desserte Normale
spain,1700037606GL023,17000,37606,70,Bien desservi
spain,1700050300GL026,17000,50300,8,Desserte Normale
spain,1700056312GL026,17000,56312,8,Desserte Normale
spain,1700060400VRX,17000,60400,20,Desserte Normale
spain,1700060600VRE,17000,60600,1,Sous-desservi
spain,1700060600VRX,17000,60600,19,Desserte Normale
spain,1700060911AV006,17000,60911,38,Desserte Normale
spain,1700061200AV006,17000,61200,5,Sous-desservi
spain,1700061200LC112,17000,61200,2,Sous-desservi
spain,1700070300VRE,17000,70300,2,Sous-desservi
spain,1700070300VRR,17000,70300,3,Sous-desservi
spain,1700070302VRR,17000,70302,4,Sous-desservi
spain,1700081100GL026,17000,81100,11,Desserte Normale
spain,1700082100VRE,17000,82100,4,Sous-desservi
spain,1700084101VRE,17000,84101,4,Sous-desservi
spain,1800010400VRR,18000,10400,4,Sous-desservi
spain,1800012100VRR,18000,12100,16,Desserte Normale
spain,1800030002VRE,18000,30002,1,Sous-desservi
spain,1800030002VRM,18000,30002,1,Sous-desservi
spain,1800030002VRX,18000,30002,2,Sous-desservi
spain,1800035005VRN,18000,35005,12,Desserte Normale
spain,1800035200VRR,18000,35200,5,Sous-desservi
spain,1800035400VRE,18000,35400,1,Sous-desservi
spain,1800037500VRM,18000,37500,1,Sous-desservi
spain,1800051003VRX,18000,51003,2,Sous-desservi
spain,1800060400VRX,18000,60400,1,Sous-desservi
spain,2020010600VRE,20200,10600,1,Sous-desservi
spain,2020010600VRX,20200,10600,1,Sous-desservi
spain,2020015100VRE,20200,15100,2,Sous-desservi
spain,2020015100VRX,20200,15100,1,Sous-desservi
spain,2020017000GL026,20200,17000,4,Sous-desservi
spain,2020022100VRE,20200,22100,1,Sous-desservi
spain,2020022308VRE,20200,22308,1,Sous-desservi
spain,2030031412VRM,20300,31412,1,Sous-desservi
spain,2030917000GL023,20309,17000,2,Sous-desservi
spain,2030922100GL026,20309,22100,1,Sous-desservi
spain,2030922100VRM,20309,22100,2,Sous-desservi
spain,2101005193VRFV,21010,05193,2,Sous-desservi
spain,2101015211VRFV,21010,15211,2,Sous-desservi
spain,2101031412VRM,21010,31412,5,Sous-desservi
spain,2210008223VRM,22100,08223,37,Desserte Normale
spain,2210017000AV006,22100,17000,8,Desserte Normale
spain,2210017000GL023,22100,17000,2,Sous-desservi
spain,2210017000LC112,22100,17000,8,Desserte Normale
spain,2210020309GL026,22100,20309,1,Sous-desservi
spain,2210020309VRM,22100,20309,2,Sous-desservi
spain,2210022308VRE,22100,22308,1,Sous-desservi
spain,2210031304VRR,22100,31304,2,Sous-desservi
spain,2210031400VRR,22100,31400,1,Sous-desservi
spain,2210031412AV008,22100,31412,35,Desserte Normale
spain,2210031412VRM,22100,31412,1,Sous-desservi
spain,2210060911AV006,22100,60911,3,Sous-desservi
spain,2210071801GL023,22100,71801,25,Desserte Normale
spain,2230820200VRE,22308,20200,2,Sous-desservi
spain,2230831400VRR,22308,31400,12,Desserte Normale
spain,2230831412VRR,22308,31412,19,Desserte Normale
spain,2230894346GL026,22308,94346,4,Sous-desservi
spain,2300831400VRR,23008,31400,6,Sous-desservi
spain,3000218000VRE,30002,18000,2,Sous-desservi
spain,3000218000VRX,30002,18000,2,Sous-desservi
spain,3000235400VRE,30002,35400,1,Sous-desservi
spain,3000237500VRM,30002,37500,1,Sous-desservi
spain,3000251003VRE,30002,51003,10,Desserte Normale
spain,3000251003VRX,30002,51003,2,Sous-desservi
spain,3010004040GL026,30100,04040,11,Desserte Normale
spain,3010008004GL023,30100,08004,10,Desserte Normale
spain,3010010000VRX,30100,10000,8,Desserte Normale
spain,3010010600GL026,30100,10600,11,Desserte Normale
spain,3010010600VRE,30100,10600,4,Sous-desservi
spain,3010010600VRX,30100,10600,7,Desserte Normale
spain,3010014100VRX,30100,14100,6,Sous-desservi
spain,3010017000GL023,30100,17000,13,Desserte Normale
spain,3120010600VRE,31200,10600,2,Sous-desservi
spain,3130422100VRR,31304,22100,2,Sous-desservi
spain,3140008223VRR,31400,08223,5,Sous-desservi
spain,3140022100VRR,31400,22100,1,Sous-desservi
spain,3140022308VRR,31400,22308,12,Desserte Normale
spain,3140023008VRR,31400,23008,6,Sous-desservi
spain,3140031412VRR,31400,31412,3,Sous-desservi
spain,3141208223VRR,31412,08223,8,Desserte Normale
spain,3141208223VRX,31412,08223,24,Desserte Normale
spain,3141217000AV006,31412,17000,13,Desserte Normale
spain,3141217000LC112,31412,17000,8,Desserte Normale
spain,3141220300VRM,31412,20300,1,Sous-desservi
spain,3141221010VRM,31412,21010,5,Sous-desservi
spain,3141222100AV008,31412,22100,33,Desserte Normale
spain,3141222100VRM,31412,22100,1,Sous-desservi
spain,3141222308VRR,31412,22308,17,Desserte Normale
spain,3141231400VRR,31412,31400,2,Sous-desservi
spain,3500518000VRN,35005,18000,12,Desserte Normale
spain,3520018000VRR,35200,18000,12,Desserte Normale
spain,3540017000VRX,35400,17000,74,Bien desservi
spain,3540018000VRE,35400,18000,1,Sous-desservi
spain,3540030002VRE,35400,30002,1,Sous-desservi
spain,3540035406VRR,35400,35406,1,Sous-desservi
spain,3540037606VRX,35400,37606,30,Desserte Normale
spain,3540051003VRE,35400,51003,1,Sous-desservi
spain,3540635400VRR,35406,35400,1,Sous-desservi
spain,3720017000VRX,37200,17000,16,Desserte Normale
spain,3720037606VRE,37200,37606,1,Sous-desservi
spain,3720060400VRX,37200,60400,6,Sous-desservi
spain,3720060902VRX,37200,60902,40,Desserte Normale
spain,3720060911VRX,37200,60911,28,Desserte Normale
spain,3720065000VRE,37200,65000,4,Sous-desservi
spain,3730060000AV008,37300,60000,14,Desserte Normale
spain,3731137606VRE,37311,37606,8,Desserte Normale
spain,3740637606VRR,37406,37606,7,Desserte Normale
spain,3750018000VRE,37500,18000,1,Sous-desservi
spain,3750030002VRE,37500,30002,1,Sous-desservi
spain,3750040100VRR,37500,40100,14,Desserte Normale
spain,3760617000GL023,37606,17000,74,Bien desservi
spain,3760635400VRX,37606,35400,38,Desserte Normale
spain,3760637200VRE,37606,37200,1,Sous-desservi
spain,3760637311VRE,37606,37311,1,Sous-desservi
spain,3760637406VRR,37606,37406,8,Desserte Normale
spain,3760660400VRX,37606,60400,2,Sous-desservi
spain,4010037500VRR,40100,37500,5,Sous-desservi
spain,4010043019VRX,40100,43019,2,Sous-desservi
spain,4200843019VRX,42008,43019,2,Sous-desservi
spain,4301940100VRX,43019,40100,2,Sous-desservi
spain,4301942008VRX,43019,42008,2,Sous-desservi
spain,4301951003VRX,43019,51003,27,Desserte Normale
spain,4301960000GL023,43019,60000,8,Desserte Normale
spain,4301960000GL026,43019,60000,2,Sous-desservi
spain,5030017000GL026,50300,17000,8,Desserte Normale
spain,5030056312VRX,50300,56312,8,Desserte Normale
spain,5040750500VRN,50407,50500,1,Sous-desservi
spain,5040750502VRN,50407,50502,1,Sous-desservi
spain,5040750506VRN,50407,50506,5,Sous-desservi
spain,5041350500VRN,50413,50500,2,Sous-desservi
spain,5041350502VRN,50413,50502,5,Sous-desservi
spain,5041350506VRN,50413,50506,2,Sous-desservi
spain,5041750500VRN,50417,50500,24,Desserte Normale
spain,5041750502VRN,50417,50502,3,Sous-desservi
spain,5041750506VRN,50417,50506,3,Sous-desservi
spain,5050003100VRX,50500,03100,2,Sous-desservi
spain,5050050407VRN,50500,50407,2,Sous-desservi
spain,5050050413VRN,50500,50413,2,Sous-desservi
spain,5050050417VRN,50500,50417,21,Desserte Normale
spain,5050050502VRN,50500,50502,4,Sous-desservi
spain,5050050506VRN,50500,50506,6,Sous-desservi
spain,5050051003AV008,50500,51003,1,Sous-desservi
spain,5050051003VRX,50500,51003,1,Sous-desservi
spain,5050051405VRX,50500,51405,4,Sous-desservi
spain,5050071801GL023,50500,71801,1,Sous-desservi
spain,5050250413VRN,50502,50413,6,Sous-desservi
spain,5050250417VRN,50502,50417,3,Sous-desservi
spain,5050250500VRN,50502,50500,4,Sous-desservi
spain,5050650407VRN,50506,50407,6,Sous-desservi
spain,5050650413VRN,50506,50413,2,Sous-desservi
spain,5050650417VRN,50506,50417,3,Sous-desservi
spain,5050650500VRN,50506,50500,6,Sous-desservi
spain,5100301007VRX,51003,01007,1,Sous-desservi
spain,5100303100VRX,51003,03100,3,Sous-desservi
spain,5100303216AV006,51003,03216,1,Sous-desservi
spain,5100305000AV008,51003,05000,8,Desserte Normale
spain,5100318000VRX,51003,18000,2,Sous-desservi
spain,5100330002VRE,51003,30002,1,Sous-desservi
spain,5100330002VRX,51003,30002,2,Sous-desservi
spain,5100335400VRE,51003,35400,1,Sous-desservi
spain,5100343019VRX,51003,43019,27,Desserte Normale
spain,5100350500AV008,51003,50500,1,Sous-desservi
spain,5100351405VRX,51003,51405,7,Desserte Normale
spain,5100354400VRX,51003,54400,6,Sous-desservi
spain,5100354403VRX,51003,54403,5,Sous-desservi
spain,5100354413AV008,51003,54413,6,Sous-desservi
spain,5100354413VRX,51003,54413,26,Desserte Normale
spain,5100360000AV006,51003,60000,59,Bien desservi
spain,5100360000LC112,51003,60000,6,Sous-desservi
spain,5100371801AV006,51003,71801,4,Sous-desservi
spain,5140503100VRX,51405,03100,15,Desserte Normale
spain,5140550500VRX,51405,50500,3,Sous-desservi
spain,5140551003VRX,51405,51003,6,Sous-desservi
spain,5140560000GL023,51405,60000,16,Desserte Normale
spain,5440051003VRX,54400,51003,6,Sous-desservi
spain,5440054413VRX,54400,54413,6,Sous-desservi
spain,5440351003VRX,54403,51003,4,Sous-desservi
spain,5440354413VRN,54403,54413,10,Desserte Normale
spain,5440354413VRX,54403,54413,5,Sous-desservi
spain,5440354517VRN,54403,54517,10,Desserte Normale
spain,5441305000AV008,54413,05000,6,Sous-desservi
spain,5441351003AV008,54413,51003,6,Sous-desservi
spain,5441351003VRX,54413,51003,24,Desserte Normale
spain,5441354400VRX,54413,54400,6,Sous-desservi
spain,5441354403VRN,54413,54403,8,Desserte Normale
spain,5441354403VRX,54413,54403,4,Sous-desservi
spain,5441360000AV006,54413,60000,28,Desserte Normale
spain,5441360000LC112,54413,60000,5,Sous-desservi
spain,5441371801AV006,54413,71801,2,Sous-desservi
spain,5451754403VRN,54517,54403,10,Desserte Normale
spain,5500760000GL023,55007,60000,1,Sous-desservi
spain,5502002030VRX,55020,02030,5,Sous-desservi
spain,5502060000GL023,55020,60000,1,Sous-desservi
spain,5631205000VRX,56312,05000,6,Sous-desservi
spain,5631217000GL026,56312,17000,8,Desserte Normale
spain,5631250300VRX,56312,50300,1,Sous-desservi
spain,5631260000GL023,56312,60000,2,Sous-desservi
spain,6000003213AV006,60000,03213,4,Sous-desservi
spain,6000004307AV006,60000,04307,70,Bien desservi
spain,6000005000AV006,60000,05000,8,Desserte Normale
spain,6000005000GL023,60000,05000,2,Sous-desservi
spain,6000037300AV008,60000,37300,11,Desserte Normale
spain,6000043019GL023,60000,43019,2,Sous-desservi
spain,6000043019GL026,60000,43019,2,Sous-desservi
spain,6000051003AV006,60000,51003,60,Bien desservi
spain,6000051003LC112,60000,51003,6,Sous-desservi
spain,6000051405GL023,60000,51405,14,Desserte Normale
spain,6000054413AV006,60000,54413,28,Desserte Normale
spain,6000054413LC112,60000,54413,5,Sous-desservi
spain,6000055007GL023,60000,55007,1,Sous-desservi
spain,6000055020GL023,60000,55020,1,Sous-desservi
spain,6000056312GL023,60000,56312,2,Sous-desservi
spain,6000060911AV006,60000,60911,4,Sous-desservi
spain,6000061200AV006,60000,61200,4,Sous-desservi
spain,6000065300AV006,60000,65300,4,Sous-desservi
spain,6000070600AV006,60000,70600,25,Desserte Normale
spain,6000071801AV006,60000,71801,252,Bien desservi
spain,6000071801AV016,60000,71801,4,Sous-desservi
spain,6000074200AV006,60000,74200,4,Sous-desservi
spain,6000078400AV006,60000,78400,6,Sous-desservi
spain,6000080100GL023,60000,80100,18,Desserte Normale
spain,6000080100GL026,60000,80100,1,Sous-desservi
spain,6000081100GL023,60000,81100,1,Sous-desservi
spain,6000081110GL023,60000,81110,1,Sous-desservi
spain,6000087089AV016,60000,87089,47,Desserte Normale
spain,6000092102AV008,60000,92102,16,Desserte Normale
spain,6040017000VRX,60400,17000,17,Desserte Normale
spain,6040018000VRX,60400,18000,1,Sous-desservi
spain,6040037200VRX,60400,37200,2,Sous-desservi
spain,6040037606VRX,60400,37606,1,Sous-desservi
spain,6040065000VRE,60400,65000,11,Desserte Normale
spain,6060017000VRE,60600,17000,4,Sous-desservi
spain,6060017000VRX,60600,17000,18,Desserte Normale
spain,6060018000VRX,60600,18000,1,Sous-desservi
spain,6060061307GL026,60600,61307,2,Sous-desservi
spain,6060065000VRR,60600,65000,4,Sous-desservi
spain,6060065000VRX,60600,65000,2,Sous-desservi
spain,6060092102AV008,60600,92102,2,Sous-desservi
spain,6090237200VRX,60902,37200,14,Desserte Normale
spain,6090260911VRR,60902,60911,65,Bien desservi
spain,6090265000VRX,60902,65000,6,Sous-desservi
spain,6091114223GL023,60911,14223,5,Sous-desservi
spain,6091115100AV006,60911,15100,20,Desserte Normale
spain,6091115410GL023,60911,15410,4,Sous-desservi
spain,6091117000AV006,60911,17000,49,Desserte Normale
spain,6091117000LC112,60911,17000,2,Sous-desservi
spain,6091122100AV006,60911,22100,4,Sous-desservi
spain,6091137200VRX,60911,37200,28,Desserte Normale
spain,6091160000AV006,60911,60000,4,Sous-desservi
spain,6091160902VRR,60911,60902,51,Desserte Normale
spain,6091161200VRD,60911,61200,13,Desserte Normale
spain,6091161200VRX,60911,61200,5,Sous-desservi
spain,6091165000VRR,60911,65000,13,Desserte Normale
spain,6091171801GL012,60911,71801,5,Sous-desservi
spain,6091171801GL026,60911,71801,1,Sous-desservi
spain,6120007004GL026,61200,07004,2,Sous-desservi
spain,6120010600LC112,61200,10600,4,Sous-desservi
spain,6120011014AV006,61200,11014,4,Sous-desservi
spain,6120017000AV006,61200,17000,6,Sous-desservi
spain,6120060000AV006,61200,60000,4,Sous-desservi
spain,6120060911VRD,61200,60911,12,Desserte Normale
spain,6120060911VRX,61200,60911,6,Sous-desservi
spain,6120061304VRN,61200,61304,24,Desserte Normale
spain,6120061307VRN,61200,61307,91,Bien desservi
spain,6120065000GL026,61200,65000,6,Sous-desservi
spain,6120065000VRX,61200,65000,3,Sous-desservi
spain,6130461200VRN,61304,61200,22,Desserte Normale
spain,6130461307VRN,61304,61307,24,Desserte Normale
spain,6130760600GL026,61307,60600,2,Sous-desservi
spain,6130761200VRN,61307,61200,128,Bien desservi
spain,6130761304VRN,61307,61304,22,Desserte Normale
spain,6130765000GL026,61307,65000,6,Sous-desservi
spain,6130765000VRX,61307,65000,34,Desserte Normale
spain,6500004040VRX,65000,04040,3,Sous-desservi
spain,6500004307GL012,65000,04307,1,Sous-desservi
spain,6500006006GL026,65000,06006,6,Sous-desservi
spain,6500037200VRE,65000,37200,4,Sous-desservi
spain,6500060400VRE,65000,60400,6,Sous-desservi
spain,6500060600VRR,65000,60600,4,Sous-desservi
spain,6500060600VRX,65000,60600,2,Sous-desservi
spain,6500060902VRX,65000,60902,52,Desserte Normale
spain,6500060911VRE,65000,60911,13,Desserte Normale
spain,6500061200GL026,65000,61200,6,Sous-desservi
spain,6500061200VRX,65000,61200,14,Desserte Normale
spain,6500061307GL026,65000,61307,6,Sous-desservi
spain,6500061307VRX,65000,61307,72,Bien desservi
spain,6500065312VRR,65000,65312,26,Desserte Normale
spain,6500065400VRE,65000,65400,2,Sous-desservi
spain,6500065400VRR,65000,65400,1,Sous-desservi
spain,6500067011VRX,65000,67011,2,Sous-desservi
spain,6500069011VRR,65000,69011,35,Desserte Normale
spain,6500071801GL012,65000,71801,4,Sous-desservi
spain,6500071801GL026,65000,71801,3,Sous-desservi
spain,6500079400VRE,65000,79400,1,Sous-desservi
spain,6530003216AV006,65300,03216,2,Sous-desservi
spain,6530015410AV006,65300,15410,4,Sous-desservi
spain,6530060000AV006,65300,60000,4,Sous-desservi
spain,6531265000VRR,65312,65000,60,Bien desservi
spain,6531279400VRE,65312,79400,1,Sous-desservi
spain,6540065000VRE,65400,65000,13,Desserte Normale
spain,6540065000VRR,65400,65000,1,Sous-desservi
spain,6540071801AV008,65400,71801,1,Sous-desservi
spain,6540079400VRE,65400,79400,9,Desserte Normale
spain,6541171500VRR,65411,71500,8,Desserte Normale
spain,6541179400VRE,65411,79400,3,Sous-desservi
spain,6701104040VRR,67011,04040,1,Sous-desservi
spain,6701104040VRX,67011,04040,2,Sous-desservi
spain,6701165000VRX,67011,65000,2,Sous-desservi
spain,6701167017VRX,67011,67017,2,Sous-desservi
spain,6701167200VRR,67011,67200,1,Sous-desservi
spain,6701367017VRX,67013,67017,2,Sous-desservi
spain,6701704040VRX,67017,04040,2,Sous-desservi
spain,6702004040VRR,67020,04040,1,Sous-desservi
spain,6720004040VRR,67200,04040,1,Sous-desservi
spain,6720067011VRR,67200,67011,1,Sous-desservi
spain,6901165000VRR,69011,65000,39,Desserte Normale
spain,7030004040VRE,70300,04040,2,Sous-desservi
spain,7030004040VRR,70300,04040,1,Sous-desservi
spain,7030017000VRE,70300,17000,3,Sous-desservi
spain,7030017000VRR,70300,17000,3,Sous-desservi
spain,7030070302VRR,70300,70302,2,Sous-desservi
spain,7030204040VRR,70302,04040,1,Sous-desservi
spain,7030217000VRR,70302,17000,1,Sous-desservi
spain,7030270300VRR,70302,70300,1,Sous-desservi
spain,7040304040VRR,70403,04040,2,Sous-desservi
spain,7050004040VRR,70500,04040,1,Sous-desservi
spain,7060004040AV008,70600,04040,26,Desserte Normale
spain,7060004040VRR,70600,04040,7,Desserte Normale
spain,7060060000AV006,70600,60000,10,Desserte Normale
spain,7070004040VRR,70700,04040,5,Sous-desservi
spain,7110011200VRE,71100,11200,2,Sous-desservi
spain,7110080100VRE,71100,80100,3,Sous-desservi
spain,7110081100VRE,71100,81100,3,Sous-desservi
spain,7110081200VRE,71100,81200,2,Sous-desservi
spain,7120479400VRE,71204,79400,1,Sous-desservi
spain,7120979400VRE,71209,79400,2,Sous-desservi
spain,7121079400VRE,71210,79400,1,Sous-desservi
spain,7130004040VRR,71300,04040,2,Sous-desservi
spain,7130079400VRE,71300,79400,1,Sous-desservi
spain,7140079400VRE,71400,79400,11,Desserte Normale
spain,7150065411VRR,71500,65411,8,Desserte Normale
spain,7150078400VRR,71500,78400,1,Sous-desservi
spain,7180104040AV006,71801,04040,6,Sous-desservi
spain,7180104040GL023,71801,04040,31,Desserte Normale
spain,7180104307AV008,71801,04307,77,Bien desservi
spain,7180105000AV006,71801,05000,2,Sous-desservi
spain,7180108223GL023,71801,08223,25,Desserte Normale
spain,7180111511GL023,71801,11511,15,Desserte Normale
spain,7180113200GL023,71801,13200,6,Sous-desservi
spain,7180115100GL023,71801,15100,25,Desserte Normale
spain,7180122100GL023,71801,22100,25,Desserte Normale
spain,7180150500GL023,71801,50500,1,Sous-desservi
spain,7180151003AV006,71801,51003,4,Sous-desservi
spain,7180154413AV006,71801,54413,2,Sous-desservi
spain,7180160000AV006,71801,60000,107,Bien desservi
spain,7180160000AV016,71801,60000,5,Sous-desservi
spain,7180160911GL012,71801,60911,4,Sous-desservi
spain,7180160911GL026,71801,60911,1,Sous-desservi
spain,7180165000GL012,71801,65000,3,Sous-desservi
spain,7180165000GL026,71801,65000,5,Sous-desservi
spain,7180165400AV008,71801,65400,1,Sous-desservi
spain,7180178400AV008,71801,78400,13,Desserte Normale
spain,7180178400VRE,71801,78400,8,Desserte Normale
spain,7180179300VRX,71801,79300,3,Sous-desservi
spain,7180179309VRX,71801,79309,14,Desserte Normale
spain,7180179315VRR,71801,79315,2,Sous-desservi
spain,7180179315VRX,71801,79315,5,Sous-desservi
spain,7180179316VRR,71801,79316,11,Desserte Normale
spain,7180180100GL026,71801,80100,4,Sous-desservi
spain,7180187303AV016,71801,87303,10,Desserte Normale
spain,7310079400VRE,73100,79400,1,Sous-desservi
spain,7420004040AV006,74200,04040,2,Sous-desservi
spain,7420004040VRR,74200,04040,5,Sous-desservi
spain,7420060000AV006,74200,60000,4,Sous-desservi
spain,7421704040VRR,74217,04040,3,Sous-desservi
spain,7830204040VRE,78302,04040,2,Sous-desservi
spain,7840004040AV006,78400,04040,4,Sous-desservi
spain,7840004040VRE,78400,04040,1,Sous-desservi
spain,7840004040VRR,78400,04040,4,Sous-desservi
spain,7840008223GL023,78400,08223,25,Desserte Normale
spain,7840060000AV006,78400,60000,4,Sous-desservi
spain,7840071500VRE,78400,71500,1,Sous-desservi
spain,7840071801AV008,78400,71801,30,Desserte Normale
spain,7840071801VRE,78400,71801,8,Desserte Normale
spain,7840072101VRE,78400,72101,1,Sous-desservi
spain,7840078500VRR,78400,78500,7,Desserte Normale
spain,7840078700VRR,78400,78700,8,Desserte Normale
spain,7840079400VRE,78400,79400,1,Sous-desservi
spain,7850078400VRR,78500,78400,7,Desserte Normale
spain,7870078400VRR,78700,78400,7,Desserte Normale
spain,7930071801VRX,79300,71801,2,Sous-desservi
spain,7930971801VRX,79309,71801,23,Desserte Normale
spain,7930979315VRR,79309,79315,1,Sous-desservi
spain,7931571801VRR,79315,71801,15,Desserte Normale
spain,7931571801VRX,79315,71801,6,Sous-desservi
spain,7931579309VRR,79315,79309,1,Sous-desservi
spain,7931679315VRR,79316,79315,11,Desserte Normale
spain,7940004040VRE,79400,04040,2,Sous-desservi
spain,7940065000VRE,79400,65000,5,Sous-desservi
spain,7940065312VRE,79400,65312,1,Sous-desservi
spain,7940065400VRE,79400,65400,9,Desserte Normale
spain,7940065411VRE,79400,65411,3,Sous-desservi
spain,7940071204VRE,79400,71204,1,Sous-desservi
spain,7940071209VRE,79400,71209,2,Sous-desservi
spain,7940071210VRE,79400,71210,1,Sous-desservi
spain,7940071300VRE,79400,71300,1,Sous-desservi
spain,7940071400VRE,79400,71400,13,Desserte Normale
spain,7940073100VRR,79400,73100,1,Sous-desservi
spain,7940078400VRE,79400,78400,1,Sous-desservi
spain,8010011200VRE,80100,11200,1,Sous-desservi
spain,8010060000GL023,80100,60000,22,Desserte Normale
spain,8010060000GL026,80100,60000,3,Sous-desservi
spain,8010071100VRE,80100,71100,4,Sous-desservi
spain,8010071801GL026,80100,71801,6,Sous-desservi
spain,8110017000GL026,81100,17000,11,Desserte Normale
spain,8110060000GL023,81100,60000,3,Sous-desservi
spain,8110071100VRE,81100,71100,4,Sous-desservi
spain,8110081110VRM,81100,81110,3,Sous-desservi
spain,8111060000GL023,81110,60000,3,Sous-desservi
spain,8111081100VRM,81110,81100,1,Sous-desservi
spain,8120011200VRE,81200,11200,1,Sous-desservi
spain,8120071100VRE,81200,71100,3,Sous-desservi
spain,8120081100VRE,81200,81100,1,Sous-desservi
spain,8210017000VRE,82100,17000,5,Sous-desservi
spain,8210070300VRE,82100,70300,1,Sous-desservi
spain,8410117000VRE,84101,17000,4,Sous-desservi
spain,8410118002VRE,84101,18002,1,Sous-desservi
spain,8708904307AV016,87089,04307,5,Sous-desservi
spain,8708960000AV016,87089,60000,5,Sous-desservi
spain,8730304307AV016,87303,04307,10,Desserte Normale
spain,8730371801AV016,87303,71801,10,Desserte Normale
spain,9210260000AV008,92102,60000,17,Desserte Normale
spain,9210260600AV008,92102,60600,1,Sous-desservi
spain,9434622308GL026,94346,22308,2,Sous-desservi
spain,9434622402GL026,94346,22402,2,Sous-desservi
