stop_name,parent_station,stop_id,stop_lat,stop_lon,location_type,platform_code
's-Hertogenbosch,,583790,51.69054,5.293723,1,
's-Hertogenbosch,583790,658035,51.69054,5.293723,,
Aachen Hbf,46943,98749,50.7678,6.091499,,
Aachen Süd(Gr),,658797,50.731915,6.04541,1,
Aachen Süd(Gr),658797,654618,50.731915,6.04541,,
"Aachen, Hbf",,46943,50.767723,6.092051,1,
Aalen Hbf,621656,66775,48.841015,10.096271,,
"Aalen, Hauptbahnhof",,621656,48.841602,10.096031,1,
Amersfoort Centraal,,276972,52.153465,5.373909,1,
Amersfoort Centraal,276972,380003,52.153465,5.373909,,
Amsterdam Bijlmer ArenA,,535350,52.31222,4.947142,1,
Amsterdam Bijlmer ArenA,535350,310486,52.31222,4.947142,,
Amsterdam Centraal,,279486,52.37919,4.899431,1,
Amsterdam Centraal,279486,14207,52.37919,4.899431,,
Andernach,82660,189202,50.434544,7.404839,,
Andernach Bahnhof,,82660,50.434544,7.40484,1,
Angermünde,182023,361244,53.01574,13.995672,,5
Angermünde,182023,449778,53.015793,13.995908,,3
Angermünde,182023,498401,53.015854,13.996267,,1
"Angermünde, Bahnhof",,182023,53.015823,13.995871,1,
Anklam,,495071,53.855984,13.701563,1,
Anklam,495071,84170,53.856102,13.701827,,
Ansbach,,234614,49.29803,10.578246,1,
Ansbach,234614,261882,49.29803,10.578239,,
Apeldoorn,,161490,52.20943,5.968491,1,
Apeldoorn,161490,508093,52.20943,5.968491,,
Arnhem Centraal,,22142,51.98478,5.901003,1,
Arnhem Centraal,22142,436407,51.98478,5.901003,,
Aschaffenburg Hbf,,622329,49.980556,9.1437,1,
Aschaffenburg Hbf,622329,564815,49.980556,9.143697,,
Augsburg Hbf,,144058,48.36544,10.885569,1,
Augsburg Hbf,144058,368483,48.36544,10.88557,,
Augustfehn,,458089,53.220894,7.759677,1,
Augustfehn,458089,326120,53.22084,7.759684,,
Bad Bentheim,412325,541370,52.30985,7.158539,,
Bad Bentheim Bahnhof,,412325,52.30953,7.158737,1,
Bad Bentheim(Gr),,232902,52.3091,7.04016,1,
Bad Bentheim(Gr),232902,650095,52.3091,7.04016,,
Bad Gastein,,196755,47.11178,13.131924,1,
Bad Gastein,196755,371023,47.11178,13.131924,,
Bad Hersfeld,,6612,50.869766,9.716581,1,
Bad Hersfeld,6612,145241,50.869766,9.716581,,
Bad Hofgastein,,375515,47.195343,13.100503,1,
Bad Hofgastein,375515,306792,47.195343,13.100503,,
Bad Kleinen,21521,572075,53.766975,11.466925,,
Bad Kleinen Bahnhof,,21521,53.76746,11.466429,1,
Bad Oeynhausen,147828,440844,52.2054,8.796523,,
"Bad Oeynhausen, Bf/ZOB",,147828,52.2054,8.796519,1,
Bad Schandau,238977,572097,50.91929,14.137538,,
Bad Schandau Nationalparkbahnhof,,238977,50.91927,14.138099,1,
Bad Zwischenahn,,140146,53.182568,8.002996,1,
Bad Zwischenahn,140146,652611,53.18242,8.003398,,
Baden(CH),,578395,47.476425,8.307709,1,
Baden(CH),578395,302732,47.476425,8.307709,,
Baden-Baden,,480041,48.7902,8.191036,1,
Baden-Baden,480041,206056,48.790325,8.190831,,
Bamberg,,418847,49.90076,10.899484,1,
Bamberg,418847,444794,49.90076,10.899489,,
Basel Bad Bf,,550966,47.567287,7.607805,1,
Basel Bad Bf,550966,211512,47.567287,7.607805,,
Basel SBB,,467462,47.547413,7.589563,1,
Basel SBB,467462,321675,47.547413,7.589563,,
Bensheim,147895,122558,49.681328,8.616717,,
"Bensheim, Bahnhof",,147895,49.68095,8.616766,1,
Bergen Bahnhof,,354855,54.420822,13.418737,1,
Bergen auf Rügen,354855,523506,54.4205,13.417821,,
Berlin Gesundbrunnen,61610,152974,52.548885,13.39039,,5
Berlin Gesundbrunnen,61610,18511,52.548386,13.390704,,10
Berlin Gesundbrunnen,61610,194067,52.548573,13.390519,,8
Berlin Gesundbrunnen,61610,216545,52.54869,13.390501,,7
Berlin Gesundbrunnen,61610,321135,52.548485,13.390691,,9
Berlin Gesundbrunnen,61610,96208,52.548794,13.3904,,6
Berlin Hbf,278006,23599,52.525097,13.369321,,4
Berlin Hbf,278006,268175,52.524998,13.369061,,2
Berlin Hbf,278006,269978,52.525143,13.369612,,6
Berlin Hbf,278006,283621,52.52496,13.368911,,1
Berlin Hbf,278006,304930,52.52506,13.369167,,3
Berlin Hbf,278006,328823,52.524788,13.369667,,11
Berlin Hbf,278006,349951,52.52488,13.369627,,12
Berlin Hbf,278006,35733,52.52507,13.369501,,14
Berlin Hbf,278006,405142,52.525223,13.369887,,8
Berlin Hbf,278006,424235,52.524967,13.369527,,13
Berlin Hbf,278006,590741,52.52511,13.369472,,5
Berlin Hbf,278006,6325,52.52519,13.369752,,7
Berlin Ostbahnhof,222937,169115,52.510178,13.434942,,2
Berlin Ostbahnhof,222937,175060,52.510254,13.435024,,3
Berlin Ostbahnhof,222937,369695,52.510414,13.435172,,6
Berlin Ostbahnhof,222937,390636,52.510242,13.434586,,1
Berlin Ostbahnhof,222937,403272,52.510475,13.43524,,7
Berlin Ostkreuz,569387,125881,52.50304,13.468615,,2
Berlin Ostkreuz,569387,399730,52.503067,13.469961,,14
Berlin Ostkreuz,569387,503221,52.503128,13.469622,,13
Berlin Ostkreuz,569387,659449,52.502907,13.468553,,1
Berlin Südkreuz,578297,302694,52.47565,13.365612,,6
Berlin Südkreuz,578297,313463,52.475685,13.365454,,5
Berlin Südkreuz,578297,38948,52.475887,13.365455,,4
Berlin Südkreuz,578297,414064,52.475407,13.365754,,8
Berlin Südkreuz,578297,617526,52.475925,13.365291,,3
Berlin Südkreuz,578297,628871,52.475433,13.365603,,7
Berlin Zoologischer Garten,128712,357005,52.507717,13.332555,,4
Berlin Zoologischer Garten,128712,437924,52.507652,13.332804,,2
Berlin Zoologischer Garten,128712,463120,52.50762,13.332927,,1
Berlin Zoologischer Garten,128712,62757,52.50768,13.332686,,3
Berlin-Charlottenburg,371044,368909,52.504173,13.301819,,3
Berlin-Lichtenberg,610888,555880,52.510002,13.49649,,17
Berlin-Schöneweide,414905,425503,52.45462,13.509517,,1
Berlin-Schöneweide,414905,575293,52.45469,13.509638,,2
Berlin-Spandau,604605,294815,52.5346,13.197163,,4
Berlin-Spandau,604605,362772,52.534668,13.197191,,3
Berlin-Spandau,604605,467196,52.534542,13.197124,,5
Berlin-Spandau,604605,569485,52.534485,13.1971,,6
Berlin-Wannsee,184156,384463,52.42135,13.180446,,6
Berlin-Wannsee,184156,668307,52.421402,13.180358,,5
Bern,,454765,46.948833,7.439131,1,
Bern,454765,266618,46.948833,7.439131,,
Biberach ZOB/Bahnhof,,631029,48.101456,9.792795,1,
Biberach(Riß),631029,603769,48.101845,9.793127,,
Bielefeld Hbf,,646847,52.029263,8.53272,1,
Bielefeld Hbf,646847,501249,52.029263,8.532722,,
Bingen(Rhein) Hbf,227074,301170,49.968727,7.884263,,
"Bingen, Hauptbahnhof",,227074,49.96874,7.883543,1,
Bischofshofen,,569988,47.41786,13.219888,1,
Bischofshofen,569988,229183,47.41786,13.219888,,
Bitterfeld,,636253,51.62286,12.31685,1,
Bitterfeld,636253,383674,51.62286,12.31685,,
Bludenz,,667206,47.154724,9.814564,1,
Bludenz,667206,471695,47.154724,9.814564,,
Bochnia,,369318,49.9773,20.430775,1,
Bochnia,369318,470118,49.9773,20.430775,,
Bochum Hbf,,589263,51.479465,7.223335,1,
Bochum Hbf,589263,663925,51.478607,7.223275,,
Bohumin,,295294,49.90073,18.359444,1,
Bohumin,295294,110858,49.90073,18.359444,,
Bohumin(Gr),,246314,49.916576,18.322226,1,
Bohumin(Gr),246314,362628,49.916576,18.322226,,
Bohusovice nad Ohri,,677887,50.491306,14.149456,1,
Bohusovice nad Ohri,677887,148409,50.491306,14.149456,,
Boleslawiec,,292934,51.266155,15.568923,1,
Boleslawiec,292934,658673,51.266155,15.568923,,
Bolzano/Bozen,,117236,46.496376,11.358791,1,
Bolzano/Bozen,117236,371189,46.496376,11.358791,,
Bondorf,,649601,48.52327,8.827879,1,
Bondorf(b Herrenberg),649601,620502,48.523552,8.827662,,
Bonn Beuel Bf,,622468,50.738476,7.127656,1,
Bonn Hbf,,282700,50.732006,7.097131,1,
Bonn Hbf,282700,132383,50.73187,7.096987,,
Bonn-Beuel,622468,219857,50.738728,7.126748,,
Brandenburg Hbf,238130,342262,52.400276,12.565075,,2
Brandenburg Hbf,238130,88011,52.40021,12.565134,,3
"Brandenburg, Hauptbahnhof",,238130,52.400795,12.566036,1,
Bratislava hl.st.,,612330,48.15891,17.106466,1,
Bratislava hl.st.,612330,585097,48.15891,17.106466,,
Braunschweig Hbf,66674,557395,52.252216,10.540295,,
"Braunschweig, Hauptbahnhof",,66674,52.252644,10.539547,1,
Breclav,,251428,48.7539,16.893236,1,
Breclav,251428,123823,48.7539,16.893236,,
Breclav(Gr),,610492,48.71265,16.86837,1,
Breclav(Gr),610492,131387,48.71265,16.86837,,
Bregenz,,510744,47.503002,9.739627,1,
Bregenz,510744,197501,47.503002,9.739627,,
Bregenz Riedenburg,,203434,47.49291,9.721313,1,
Bregenz Riedenburg,203434,217257,47.49291,9.721313,,
Bremen Hbf,,37995,53.083256,8.813857,1,
Bremen Hbf,37995,112783,53.0835,8.81418,,
Bremen Hbf,37995,243181,53.083565,8.81426,,
Bremen Hbf,37995,27802,53.082947,8.813447,,
Bremen Hbf,37995,411586,53.083073,8.813611,,
Bremen Hbf,37995,640018,53.083355,8.813982,,
Bremen Hbf,37995,86711,53.08342,8.814067,,
Brennero/Brenner,,649251,47.002342,11.505426,1,
Brennero/Brenner,649251,633877,47.002342,11.505426,,
Bressanone/Brixen,,607232,46.709896,11.649764,1,
Bressanone/Brixen,607232,303868,46.709896,11.649764,,
Brig,,185641,46.319424,7.988095,1,
Brig,185641,105119,46.319424,7.988095,,
Brno hl.n.,,177903,49.19054,16.612774,1,
Brno hl.n.,177903,205654,49.19054,16.612774,,
Bruchsal,,236154,49.124924,8.590347,1,
Bruchsal,236154,539899,49.124622,8.589649,,
Bruck/Mur,,99796,47.41388,15.279491,1,
Bruck/Mur,99796,684855,47.41388,15.279491,,
Brugg AG,,102718,47.48086,8.208845,1,
Brugg AG,102718,248301,47.48086,8.208845,,
Brugge,,345604,51.196934,3.217081,1,
Brugge,345604,99745,51.196934,3.217081,,
Bruxelles Midi,,529,50.835377,4.335694,1,
Bruxelles Midi,529,380628,50.835377,4.335694,,
Bruxelles-Nord,,195517,50.860237,4.361454,1,
Bruxelles-Nord,195517,470567,50.860237,4.361454,,
Brzeg,,220865,50.85297,17.471178,1,
Brzeg,220865,180901,50.85297,17.471178,,
Brzeg Dolny,,113017,51.266193,16.726768,1,
Brzeg Dolny,113017,457370,51.266193,16.726768,,
Brzesko Okocim,,611051,49.986397,20.6103,1,
Brzesko Okocim,611051,72631,49.986397,20.6103,,
Buchloe,,26783,48.033722,10.716219,1,
Buchloe,26783,464492,48.033722,10.716217,,
Budapest-Kelenföld,,234900,47.464355,19.020456,1,
Budapest-Kelenföld,234900,445631,47.464355,19.020456,,
Budapest-Keleti,,260147,47.50038,19.085072,1,
Budapest-Keleti,260147,508877,47.50038,19.085072,,
Budapest-Nyugati,,518931,47.510708,19.057467,1,
Budapest-Nyugati,518931,455249,47.510708,19.057467,,
Bydgoszcz Glowna,,456992,53.135113,17.991636,1,
Bydgoszcz Glowna,456992,2691,53.135113,17.991636,,
Böblingen,,561664,48.687847,9.004533,1,
Böblingen,561664,249134,48.68776,9.004128,,
Büchen,207392,607580,53.474976,10.623292,,
"Büchen, Büchen",,207392,53.47663,10.620937,1,
Bünde(Westf),585315,459848,52.202076,8.573876,,
"Bünde, Bahnhof / ZOB",,585315,52.202076,8.573871,1,
Bützow,383064,135502,53.837112,11.998194,,
Bützow Bahnhof,,383064,53.837006,11.997513,1,
Ceska Trebova,,561377,49.897324,16.446808,1,
Ceska Trebova,561377,666776,49.897324,16.446808,,
Chalupki,,320520,49.925476,18.311562,1,
Chalupki,320520,73666,49.925476,18.311562,,
Chelm,,537483,51.141197,23.494036,1,
Chelm,537483,74368,51.141197,23.494036,,
Chelm Miasto,,530555,51.138405,23.459185,1,
Chelm Miasto,530555,428996,51.138405,23.459185,,
Chemnitz Hbf,419786,444457,50.839695,12.930877,,
"Chemnitz, Hauptbahnhof",,419786,50.83963,12.930692,1,
Chiasso,,616218,45.83217,9.03145,1,
Chiasso,616218,175986,45.83217,9.03145,,
Chojna,,522860,52.963406,14.443931,1,
Chojna,522860,171744,52.963406,14.443931,,
Chojnow,,258369,51.277657,15.937051,1,
Chojnow,258369,2010,51.277657,15.937051,,
Choszczno,,421584,53.16528,15.403792,1,
Choszczno,421584,435547,53.16528,15.403792,,
Chur,,73608,46.853085,9.528938,1,
Chur,73608,539034,46.853085,9.528938,,
Coburg,,532839,50.262924,10.957326,1,
Coburg,532839,85260,50.262928,10.957328,,
Como S. Giovanni,,119782,45.80897,9.072714,1,
Como S. Giovanni,119782,354981,45.80897,9.072714,,
Cottbus Hbf,105442,358715,51.750957,14.324162,,
"Cottbus, Hauptbahnhof",,105442,51.750984,14.324464,1,
Crailsheim,241080,92041,49.13787,10.064326,,
Crailsheim Bahnhof,,241080,49.137913,10.06432,1,
D-Flughafen Bf,,251569,51.29158,6.787041,1,
Dabrowa Gornicza,,376497,50.330173,19.185452,1,
Dabrowa Gornicza,376497,351672,50.330173,19.185452,,
Darmstadt Hauptbahnhof,,402744,49.87194,8.631148,1,
Darmstadt Hbf,402744,584499,49.8725,8.629636,,
Debica,,612894,50.054417,21.405565,1,
Debica,612894,345381,50.054417,21.405565,,
Deblin,,271758,51.577408,21.834736,1,
Deblin,271758,446222,51.577408,21.834736,,
Decin hl.n.,,300315,50.773193,14.200972,1,
Decin hl.n.,300315,394749,50.773415,14.201247,,
Delmenhorst,,245159,53.05278,8.629879,1,
Delmenhorst,245159,87917,53.05279,8.629758,,
Dessau Hbf,,117139,51.839867,12.234945,1,
Dessau Hbf,117139,120269,51.839867,12.234945,,
Deventer,,447330,52.257435,6.160506,1,
Deventer,447330,240183,52.257435,6.160506,,
Diepholz,,671439,52.6046,8.380249,1,
Diepholz,671439,214157,52.6046,8.380267,,
Diepholz,671439,626903,52.604637,8.38013,,
Dobiegniew,,257682,52.968422,15.746908,1,
Dobiegniew,257682,354074,52.968422,15.746908,,
Dobova,,501332,45.89839,15.655178,1,
Dobova,501332,399410,45.89839,15.655178,,
Dobova(Gr),,97319,45.890633,15.680238,1,
Dobova(Gr),97319,34644,45.890633,15.680238,,
Donaueschingen,111951,64275,47.9479,8.498788,,
Donaueschingen Bahnhof,,111951,47.947872,8.499141,1,
Donauwörth,,127341,48.714024,10.771447,1,
Donauwörth,127341,93854,48.714027,10.771443,,
Dorfgastein,,261720,47.238487,13.103074,1,
Dorfgastein,261720,517701,47.238487,13.103074,,
Dornbirn,,630350,47.41769,9.738808,1,
Dornbirn,630350,110972,47.41769,9.738808,,
Dortmund Hbf,,661090,51.51689,7.459592,1,
Dortmund Hbf,661090,344065,51.517895,7.45929,,
Dresden Bahnhof Neustadt,,91534,51.065426,13.740882,1,
Dresden Hauptbahnhof,,190073,51.03993,13.732932,1,
Dresden Hbf,190073,269522,51.04056,13.732035,,
Dresden-Neustadt,91534,57467,51.0659,13.740701,,
Duisburg Hbf,,249527,51.430454,6.774528,1,
Duisburg Hbf,249527,221446,51.429787,6.775903,,
Düren,,19530,50.809517,6.482451,1,
Düren,19530,295706,50.809517,6.482451,,
Düsseldorf Flughafen,251569,482526,51.292007,6.786836,,
Düsseldorf Hbf,,158348,51.220253,6.792997,1,
Düsseldorf Hbf,158348,580450,51.219963,6.794319,,
Eberswalde Hbf,67585,524348,52.833755,13.797157,,1
Eberswalde Hbf,67585,539670,52.83376,13.796866,,3
Eberswalde Hbf,67585,572907,52.833805,13.796755,,4
"Eberswalde, Hauptbahnhof",,67585,52.833683,13.79695,1,
Eindhoven Centraal,,485401,51.44302,5.479576,1,
Eindhoven Centraal,485401,148471,51.44302,5.479576,,
Eisenach Hbf,,128223,50.976894,10.331974,1,
Eisenach Hbf,128223,567773,50.975952,10.331229,,
Ellwangen,257241,375579,48.964123,10.129681,,
"Ellwangen, Bahnhof",,257241,48.964535,10.129762,1,
Elsterwerda,14360,183134,51.46012,13.51666,,1
Elsterwerda,14360,465692,51.45942,13.516226,,3
Elsterwerda,14360,585412,51.459404,13.516305,,2
"Elsterwerda, Bahnhof",,14360,51.459805,13.516412,1,
Emden Außenhafen,139060,107617,53.344498,7.186394,,
Emden Hbf,302827,411605,53.36933,7.195423,,
Emden(Ostfriesl) Außenhafen,,139060,53.344498,7.186394,1,
Emden(Ostfriesl) Hbf,,302827,53.36925,7.195502,1,
Emmerich,121452,403508,51.834175,6.25648,,
Emmerich Bahnhof,,121452,51.8338,6.254951,1,
Emmerich(Gr),,668639,51.901196,6.137652,1,
Emmerich(Gr),668639,159683,51.901196,6.137652,,
Engen,99721,364509,47.856346,8.772786,,
Engen Bahnhof,,99721,47.856163,8.772669,1,
"Erfurt, Hauptbahnhof",,671084,50.972057,11.037305,1,
Ergenzingen,18149,408752,48.489532,8.809857,,
Ergenzingen Bahnhof,,18149,48.489594,8.809949,1,
Erkelenz,,541843,51.076595,6.321634,1,
Erkelenz,541843,294769,51.076595,6.321634,,
Erlangen,,13159,49.595825,11.00164,1,
Erlangen,13159,107544,49.59583,11.001638,,
Essen Hbf,,566306,51.449734,7.012213,1,
Essen Hbf,566306,200330,51.451355,7.014793,,
Esslingen (N),,445714,48.73854,9.300582,1,
Esslingen(Neckar),445714,371555,48.738544,9.300522,,
Eutingen im Gäu,129706,74952,48.479954,8.782236,,
Eutingen im Gäu Bahnhof,,129706,48.47957,8.781643,1,
Feldkirch,,223580,47.24098,9.604102,1,
Feldkirch,223580,600327,47.24098,9.604102,,
Fieberbrunn,,543653,47.49114,12.528944,1,
Fieberbrunn,543653,119527,47.49114,12.528944,,
Fischen,,389962,47.456596,10.271723,1,
Fischen,389962,572233,47.456593,10.271717,,
Flensburg,,602703,54.774048,9.436687,1,
Flensburg,602703,336267,54.773857,9.436511,,
Flensburg,602703,44416,54.77395,9.436603,,
Flensburg [Grenze],,261962,54.814842,9.36324,1,
Flensburg(Gr),261962,551884,54.814842,9.36324,,
"Flensburg, Flensburg",602703,631168,54.774227,9.436848,,
Flughafen BER,,229694,52.364605,13.509874,1,
Flughafen BER,229694,106033,52.36424,13.509191,,3
Flughafen BER,229694,15054,52.364063,13.509307,,1
Flughafen Köln/Bonn Bf,,358779,50.878902,7.119301,1,
Flughafen Wien,,386804,48.120823,16.562828,1,
Flughafen Wien,386804,631452,48.120823,16.562828,,
Forbach(F),,12630,49.189217,6.900258,1,
Forbach(F),12630,513795,49.189217,6.900258,,
Forbach(fr),,436308,49.21409,6.944314,1,
Forbach(fr),436308,147438,49.21409,6.944314,,
Fortezza/Franzensfeste,,73685,46.78872,11.610083,1,
Fortezza/Franzensfeste,73685,18515,46.78872,11.610083,,
Frankfurt (Main) Flughafen Fernbahnhof,,432817,50.052914,8.569788,1,
Frankfurt (Main) Flughafen Regionalbahnhof,,301440,50.0512,8.571423,1,
Frankfurt (Main) Hauptbahnhof,,531840,50.107155,8.663759,1,
Frankfurt (Main) Südbahnhof,,479328,50.099327,8.686442,1,
"Frankfurt (Oder), Bahnhof",,354987,52.336708,14.547147,1,
Frankfurt(M) Flughafen Fernbf,432817,283361,50.053165,8.570185,,
Frankfurt(M) Flughafen Regionalbf,301440,502256,50.05122,8.571251,,
Frankfurt(Main)Hbf,531840,603429,50.10668,8.662828,,
Frankfurt(Main)Süd,479328,301704,50.099365,8.686457,,
Frankfurt(Oder),354987,11405,52.336643,14.54624,,9
Frankfurt(Oder),354987,264226,52.336517,14.545882,,12
Frankfurt(Oder),354987,515084,52.336605,14.546146,,10
Frankfurt(Oder),354987,669853,52.336563,14.545988,,11
Frankfurt(Oder)(Gr),,183551,52.321175,14.576403,1,
Frankfurt(Oder)(Gr),183551,641902,52.321175,14.576403,,
Fredericia st,,576657,55.56809,9.738813,1,
Fredericia st,576657,55649,55.56809,9.738813,,
Freiberg(Sachs),158861,324254,50.908726,13.344141,,
"Freiberg, Bahnhof",,158861,50.90936,13.342219,1,
Freiburg Hauptbahnhof,,232211,47.99746,7.840954,1,
"Freiburg, Hauptbahnhof",232211,619377,47.99793,7.842544,,
Freilassing,,120517,47.836914,12.977197,1,
Freilassing,120517,195623,47.836918,12.977193,,
Frick,,152886,47.507347,8.013092,1,
Frick,152886,682122,47.507347,8.013092,,
Friedberg (Hessen) Bahnhof,,660065,50.332745,8.761246,1,
Friedberg(Hess),660065,557696,50.332607,8.762056,,
Friedrichsh. Stadtbahnhof,,660856,47.653057,9.473426,1,
Friedrichshafen Stadt,660856,367914,47.653225,9.4739,,
Fulda,348078,564750,50.554905,9.684169,,
Fulda Bahnhof,,348078,50.554924,9.683767,1,
Fürth (Bay) Hbf,,594866,49.469707,10.989989,1,
Fürth(Bay)Hbf,594866,380756,49.469707,10.989988,,
"GD, Bahnhof",,597105,48.800285,9.787118,1,
Garmisch-Partenkirchen,,124860,47.491455,11.097014,1,
Garmisch-Partenkirchen,124860,416549,47.49145,11.097013,,
Gdansk Glowny,,511289,54.35552,18.643803,1,
Gdansk Glowny,511289,189228,54.35552,18.643803,,
Gdansk Oliwa,,588086,54.409893,18.571741,1,
Gdansk Oliwa,588086,403040,54.409893,18.571741,,
Gdansk Wrzeszcz,,319248,54.38186,18.605434,1,
Gdansk Wrzeszcz,319248,279595,54.38186,18.605434,,
Gdynia Glowna,,120769,54.52084,18.529556,1,
Gdynia Glowna,120769,34752,54.52084,18.529556,,
Geilenkirchen,,90170,50.96104,6.124518,1,
Geilenkirchen,90170,329371,50.96104,6.124518,,
Gelsenkirchen Hbf,,312355,51.504925,7.102206,1,
Gelsenkirchen Hbf,312355,178946,51.5049,7.102455,,
Gent St Pieters,,538707,51.035625,3.710609,1,
Gent St Pieters,538707,285770,51.035625,3.710609,,
Gera Hbf,124230,628190,50.883102,12.078252,,
Gera Hbf (SEV),,124230,50.883102,12.078252,1,
Gießen,582991,287412,50.57906,8.661462,,
Gießen Bahnhof,,582991,50.579884,8.663799,1,
Gliwice,,626566,50.301105,18.677158,1,
Gliwice,626566,412780,50.301105,18.677158,,
Glogow,,10055,51.668957,16.079712,1,
Glogow,10055,51384,51.668957,16.079712,,
Gniezno,,367066,52.52965,17.602184,1,
Gniezno,367066,235993,52.52965,17.602184,,
Goleniow,,492659,53.559483,14.839893,1,
Goleniow,492659,585600,53.559483,14.839893,,
Golling-Abtenau,,395284,47.60081,13.164054,1,
Golling-Abtenau,395284,69948,47.60081,13.164054,,
Gotha,,9321,50.93905,10.712328,1,
Gotha,9321,620403,50.93907,10.712568,,
Graz Hbf,,134798,47.0724,15.416519,1,
Graz Hbf,134798,152212,47.0724,15.416519,,
Greifswald,,632122,54.092926,13.370264,1,
Greifswald,632122,201052,54.092922,13.370262,,
Gryfino,,567622,53.254215,14.49302,1,
Gryfino,567622,107509,53.254215,14.49302,,
Györ,,284380,47.68198,17.63479,1,
Györ,284380,84165,47.68198,17.63479,,
Gäufelden,,488092,48.559715,8.850103,1,
Gäufelden,488092,615059,48.55966,8.850308,,
Göppingen,,499886,48.70012,9.652344,1,
Göppingen,499886,183268,48.700027,9.651969,,
Göttingen,,514949,51.53672,9.925875,1,
Göttingen,514949,449926,51.536587,9.925826,,
Göttingen,514949,476414,51.53674,9.925647,,
Göttingen,514949,480928,51.536865,9.92561,,
Göttingen,514949,537747,51.53698,9.925599,,
Göttingen,514949,597243,51.53667,9.925681,,
Göttingen,514949,8099,51.536682,9.926424,,
Günzburg,,245256,48.460564,10.27926,1,
Günzburg,245256,11767,48.460564,10.279262,,
Gütersloh Hbf,621060,678252,51.90694,8.385071,,
"Gütersloh, Hbf/ZOB",,621060,51.906944,8.385072,1,
Halle(Saale)Hbf,,623467,51.47751,11.987085,1,
Halle(Saale)Hbf,623467,105344,51.477177,11.988167,,9
Halle(Saale)Hbf,623467,32243,51.476982,11.987751,,
Halle(Saale)Hbf,623467,473192,51.476925,11.9872,,6
Halle(Saale)Hbf,623467,543238,51.477142,11.988049,,8
Halle(Saale)Hbf,623467,635345,51.476955,11.987331,,7
Hamburg Dammtor,363818,177507,53.560764,9.989574,,
Hamburg Hbf,654951,555280,53.55274,10.006905,,
"Hamburg, Bergedorf",,575855,53.489857,10.205968,1,
"Hamburg, Hamburg Dammtor",,363818,53.560795,9.989409,1,
"Hamburg, Hamburg Hbf",,654951,53.552753,10.007925,1,
"Hamburg, Hamburg-Altona",,51081,53.553257,9.93541,1,
"Hamburg, Hamburg-Harburg",,29577,53.456387,9.990953,1,
Hamburg-Altona(S),51081,624696,53.552704,9.935187,,
Hamburg-Bergedorf,575855,631869,53.489754,10.206372,,
Hamburg-Harburg(S),29577,394907,53.455914,9.99171,,
"Hamm (Westf), Hauptbahnhof",,582415,51.678078,7.807824,1,
Hamm(Westf)Hbf,582415,104497,51.678078,7.807821,,
Hanau Hauptbahnhof,,453210,50.121346,8.928415,1,
Hanau Hbf,453210,438624,50.120953,8.929,,
Hannover Hauptbahnhof,,593613,52.37649,9.74107,1,
Hannover Hbf,593613,182870,52.376762,9.741021,,
Hannover Messe / Laatzen,,434293,52.317486,9.792149,1,
Hannover Messe/Laatzen,434293,684480,52.3169,9.792863,,
Hauptbahnhof,671084,492286,50.971928,11.037424,,
Hauptbahnhof (oben),,482389,48.784878,9.182794,1,
Hauptbahnhof A1,194058,664916,54.315235,10.131234,,
Hegyeshalom,,319822,47.913975,17.145296,1,
Hegyeshalom,319822,508910,47.913975,17.145296,,
Hegyeshalom(Gr),,353525,47.93826,17.095844,1,
Hegyeshalom(Gr),353525,198435,47.93826,17.095844,,
Heide(Holst),,528574,54.192932,9.101242,1,
Heide(Holst),528574,497726,54.19317,9.100833,,
Heide(Holst),528574,580503,54.19306,9.101122,,
Heidelberg Hbf,672668,374309,49.40357,8.675442,,
"Heidelberg, Hauptbahnhof",,672668,49.404316,8.676243,1,
Helmstedt,405493,677741,52.222088,11.010553,,
"Helmstedt, Bahnhof",,405493,52.22207,11.010093,1,
Hengelo,,133666,52.261852,6.793726,1,
Hengelo,133666,545116,52.261852,6.793726,,
Herford,337018,616869,52.11961,8.663643,,
"Herford, Bahnhof/ZOB",,337018,52.11961,8.66364,1,
Hermsdorf-Klosterlausnitz,,421609,50.90385,11.858619,1,
Hermsdorf-Klosterlausnitz,421609,322680,50.903778,11.858626,,
Herne Wanne-Eickel Hbf,,63958,51.531254,7.16578,1,
Herne-Wanne-Eickel Hbf,63958,333175,51.531258,7.165783,,
Herrenberg,,86580,48.593956,8.862626,1,
Herrenberg,86580,314705,48.59399,8.862662,,
Herzogenrath,,146907,50.870914,6.094486,1,
Herzogenrath,146907,400948,50.870914,6.094486,,
Hildesheim Hauptbahnhof,,357940,52.159668,9.952588,1,
Hildesheim Hbf,357940,176317,52.160625,9.953497,,
Hilversum,,629685,52.22667,5.181399,1,
Hilversum,629685,25417,52.22667,5.181399,,
Hnevice,,589741,50.452686,14.361715,1,
Hnevice,589741,128723,50.452686,14.361715,,
Hochfilzen,,16083,47.467712,12.626525,1,
Hochfilzen,16083,539033,47.467712,12.626525,,
Hoeje Taastrup st,,349207,55.64862,12.268799,1,
Hoeje Taastrup st,349207,259392,55.64862,12.268799,,
Hohenems,,654525,47.364708,9.681001,1,
Hohenems,654525,13519,47.364708,9.681001,,
Homburg (Saar) Hbf,,98547,49.32808,7.337035,1,
Homburg(Saar)Hbf,98547,396320,49.327637,7.336362,,5
Homburg(Saar)Hbf,98547,672992,49.327606,7.336528,,4
Hopfgarten im Brixental,,519466,47.455353,12.14918,1,
Hopfgarten im Brixental,519466,570949,47.455353,12.14918,,
Horb,118990,421858,48.44147,8.688982,,
Horb Bahnhof/ZOB,,118990,48.44154,8.688676,1,
Horka(Gr),,390296,51.2862,15.032184,1,
Horka(Gr),390296,130550,51.2862,15.032184,,
Hoyerswerda,432576,24943,51.43279,14.231407,,
Hoyerswerda Bahnhof,,432576,51.433025,14.231129,1,
Hude,414031,276354,53.10937,8.461016,,
Hude(Oldb),,414031,53.10937,8.460953,1,
Husum,,68379,54.472015,9.056272,1,
Husum,68379,398265,54.472088,9.055957,,
Immenstadt,,411590,47.559204,10.213997,1,
Immenstadt,411590,293557,47.559204,10.213999,,
Ingolstadt Hbf,,562894,48.74455,11.437341,1,
Ingolstadt Hbf,562894,407027,48.74454,11.437337,,
Innsbruck Hauptbahnhof,,78693,47.263233,11.401031,1,
Innsbruck Hbf,78693,660442,47.263237,11.401028,,
Inowroclaw,,413703,52.804947,18.24406,1,
Inowroclaw,413703,295328,52.804947,18.24406,,
Interlaken Ost,,32335,46.6905,7.869,1,
Interlaken Ost,32335,620409,46.6905,7.869,,
Interlaken West,,628705,46.68263,7.851453,1,
Interlaken West,628705,657133,46.68263,7.851453,,
Itzehoe,,643931,53.92408,9.510151,1,
Itzehoe,643931,98604,53.923794,9.510167,,
Jarocin,,378138,51.96912,17.494276,1,
Jarocin,378138,457392,51.96912,17.494276,,
Jaroslaw,,392660,50.01067,22.677896,1,
Jaroslaw,392660,268096,50.01067,22.677896,,
Jaworzno Szczakowa,,584379,50.246326,19.297424,1,
Jaworzno Szczakowa,584379,588284,50.246326,19.297424,,
Jena Paradies,,409529,50.924854,11.587468,1,
Jena Paradies,409529,233335,50.925297,11.587442,,
Jena West,,458561,50.923286,11.57785,1,
Jena West,458561,135338,50.923286,11.577848,,
Jena-Göschwitz,,481526,50.8838,11.593217,1,
Jena-Göschwitz,481526,589163,50.88394,11.593537,,
Jenbach,,329440,47.388447,11.778454,1,
Jenbach,329440,82542,47.388447,11.778454,,
Jesenice(Gr),,95684,46.48141,14.020333,1,
Jesenice(Gr),95684,604757,46.48141,14.020333,,
Jesenice(SLO),,305443,46.436325,14.054913,1,
Jesenice(SLO),305443,365848,46.436325,14.054913,,
Kaiserslautern Hbf,406301,118359,49.43586,7.768627,,
"Kaiserslautern, Hbf",,406301,49.436264,7.768253,1,
Kalisz,,545278,51.74282,18.071917,1,
Kalisz,545278,471448,51.74282,18.071917,,
Kapfenberg,,6548,47.44523,15.292357,1,
Kapfenberg,6548,623479,47.44523,15.292357,,
Karlsruhe Hauptbahnhof,,504671,48.993347,8.401036,1,
Karlsruhe Hbf,504671,614673,48.993515,8.402181,,
Karlsruhe-Durlach,,15784,49.00225,8.462759,1,
Karlsruhe-Durlach,15784,227376,49.002327,8.462822,,
Kassel Bahnhof Wilhelmshöhe,,626500,51.31313,9.44705,1,
Kassel-Wilhelmshöhe,626500,612763,51.312435,9.448181,,
Katowice,,47630,50.257515,19.017164,1,
Katowice,47630,226826,50.257515,19.017164,,
Kedzierzyn Kozle,,337417,50.34436,18.204765,1,
Kedzierzyn Kozle,337417,73451,50.34436,18.204765,,
Kehl(Gr),,105824,48.575645,7.801118,1,
Kehl(Gr),105824,439540,48.575645,7.801118,,
Kempten (Allgäu) Hbf,,192259,47.711746,10.317618,1,
Kempten(Allgäu)Hbf,192259,279213,47.711746,10.31761,,
Kiel Hauptbahnhof,,194058,54.315582,10.131145,1,
Kirchberg in Tirol,,69284,47.448917,12.309101,1,
Kirchberg in Tirol,69284,448359,47.448917,12.309101,,
Kitzbühel,,401882,47.45411,12.391045,1,
Kitzbühel,401882,436983,47.45411,12.391045,,
Kitzbühel Hahnenkamm,,533823,47.44339,12.389856,1,
Kitzbühel Hahnenkamm,533823,410384,47.44339,12.389856,,
Klagenfurt Hbf,,384894,46.615604,14.313576,1,
Klagenfurt Hbf,384894,592990,46.615604,14.313576,,
Klanxbüll,,211889,54.86234,8.675999,1,
Klanxbüll,211889,161916,54.862103,8.676329,,
Koblenz Hauptbahnhof,,332324,50.350925,7.588339,1,
Koblenz Hbf,332324,480118,50.35093,7.588345,,
Koebenhavn H,,116501,55.67272,12.564617,1,
Koebenhavn H,116501,672160,55.67272,12.564617,,
Kolding st,,541167,55.49084,9.481528,1,
Kolding st,541167,376476,55.49084,9.481528,,
Kolin(CZ),,555133,50.025436,15.214279,1,
Kolin(CZ),555133,635205,50.025436,15.214279,,
Koluszki,,260415,51.744602,19.818996,1,
Koluszki,260415,393314,51.744602,19.818996,,
Konin,,73976,52.231396,18.253336,1,
Konin,73976,675242,52.231396,18.253336,,
Konstanz,140193,262794,47.658752,9.177312,,
Konstanz Bahnhof,,140193,47.65874,9.177324,1,
Koscian,,681717,52.07896,16.641829,1,
Koscian,681717,272742,52.07896,16.641829,,
Kostrzyn,,175352,52.591778,14.647988,1,
Kostrzyn,175352,597013,52.591778,14.647988,,
Krakow Glowny,,137196,50.067196,19.947426,1,
Krakow Glowny,137196,406855,50.067196,19.947426,,
Krakow Plaszow,,275464,50.03509,19.974894,1,
Krakow Plaszow,275464,612976,50.03509,19.974894,,
Kralupy nad Vltavou,,208489,50.238728,14.313473,1,
Kralupy nad Vltavou,208489,631379,50.238728,14.313473,,
Kranj,,14131,46.23901,14.348167,1,
Kranj,14131,82621,46.23901,14.348167,,
Krefeld Hbf,,457483,51.325584,6.568194,1,
Krefeld Hbf,457483,637085,51.325718,6.569885,,
Kronach,,464220,50.23961,11.320111,1,
Kronach,464220,315626,50.239613,11.320115,,
Krsko,,378471,45.95624,15.493454,1,
Krsko,378471,250301,45.95624,15.493454,,
Krzeszowice,,85927,50.130962,19.633242,1,
Krzeszowice,85927,535151,50.130962,19.633242,,
Krzyz,,272793,52.87742,16.017834,1,
Krzyz,272793,389786,52.87742,16.017834,,
Kufstein,,278249,47.58308,12.16555,1,
Kufstein,278249,431935,47.58308,12.16555,,
Kutno,,294611,52.226963,19.348616,1,
Kutno,294611,377805,52.226963,19.348616,,
Kuty,,634684,48.661892,17.047695,1,
Kuty,634684,240939,48.661892,17.047695,,
Kuty(Gr),,472526,48.71108,17.000406,1,
Kuty(Gr),472526,408121,48.71108,17.000406,,
Köln Ehrenfeld Bf Ehrenfeld,,186027,50.951527,6.91727,1,
Köln Hbf,,237777,50.94303,6.958727,1,
Köln Hbf,237777,102204,50.94303,6.958729,,
Köln Messe/Deutz,425045,598848,50.940872,6.975001,,
Köln Messe/Deutz Bf,,425045,50.940876,6.974996,1,
Köln Messe/Deutz Gl.11-12,425045,395753,50.941723,6.974067,,
Köln-Ehrenfeld,186027,442653,50.951534,6.917276,,
Köln/Bonn Flughafen,358779,50414,50.878902,7.119302,,
Königs Wusterhausen,552491,450541,52.29666,13.63135,,1
Köthen,,177947,51.75193,11.989358,1,
Köthen,177947,99087,51.75193,11.989358,,
Kühnsdorf-Klopeiner See,,328605,46.62484,14.620893,1,
Kühnsdorf-Klopeiner See,328605,545910,46.62484,14.620893,,
Lancut,,596059,50.08143,22.227507,1,
Lancut,596059,108481,50.08143,22.227507,,
Landeck-Zams,,451499,47.148243,10.578392,1,
Landeck-Zams,451499,536195,47.148243,10.578392,,
Landquart,,23065,46.96744,9.554045,1,
Landquart,23065,515379,46.96744,9.554045,,
Landshut (Bay) Hauptbahnhof,,210572,48.54749,12.135925,1,
Landshut(Bay)Hbf,210572,75206,48.547493,12.13593,,
Landstuhl,567800,86752,49.416286,7.565931,,
"Landstuhl, Bahnhof",,567800,49.416332,7.566159,1,
Langen (Hessen) Bahnhof,,142413,49.99359,8.657163,1,
Langen am Arlberg,,139526,47.13172,10.120375,1,
Langen am Arlberg,139526,504830,47.13172,10.120375,,
Langen(Hess),142413,237272,49.99361,8.656787,,
Lask,,362041,51.603775,19.111855,1,
Lask,362041,622810,51.603775,19.111855,,
Leer(Ostfriesl),,617784,53.23141,7.465229,1,
Leer(Ostfriesl),617784,82644,53.231438,7.46537,,
Legnica,,359344,51.21385,16.168922,1,
Legnica,359344,257974,51.21385,16.168922,,
Leipzig Hbf,,305104,51.34547,12.382064,1,
Leipzig Hbf,305104,642086,51.34547,12.382064,,
Leipzig/Halle Flughafen,,273333,51.42334,12.223426,1,
Leipzig/Halle Flughafen,273333,659144,51.42334,12.223426,,
Lesce-Bled,,520964,46.360416,14.157971,1,
Lesce-Bled,520964,303999,46.360416,14.157971,,
Leszno,,597162,51.846405,16.565569,1,
Leszno,597162,124323,51.846405,16.565569,,
Leuven,,6243,50.881542,4.716148,1,
Leuven,6243,584429,50.881542,4.716148,,
Lichtenfels,,530322,50.146454,11.059474,1,
Lichtenfels,530322,543117,50.146454,11.059472,,
Liestal,,451932,47.484463,7.731367,1,
Liestal,451932,170791,47.484463,7.731367,,
Limburg (Lahn) Süd (ICE),,420890,50.38191,8.095532,1,
Limburg Süd,420890,136926,50.3825,8.096112,,
Lindau-Reutin,,354613,47.552383,9.703287,1,
Lindau-Reutin,354613,334608,47.552383,9.703292,,
Lingen(Ems),313991,313476,52.519867,7.321731,,
"Lingen, Bahnhof",,313991,52.51964,7.32127,1,
Linz Hbf,,303814,48.29018,14.292131,1,
Linz Hbf,303814,565513,48.29018,14.292131,,
Liège-Guillemins,,400692,50.62436,5.566483,1,
Liège-Guillemins,400692,647362,50.62436,5.566483,,
Ljubljana,,453113,46.05869,14.512937,1,
Ljubljana,453113,679798,46.05869,14.512937,,
Lodz Chojny,,206214,51.72638,19.484537,1,
Lodz Chojny,206214,605965,51.72638,19.484537,,
Lodz Widzew,,637069,51.763092,19.544464,1,
Lodz Widzew,637069,429185,51.763092,19.544464,,
Lovosice,,337500,50.509644,14.059534,1,
Lovosice,337500,675564,50.50971,14.059588,,
Lubin,,639676,51.39612,16.193586,1,
Lubin,639676,417955,51.39612,16.193586,,
Lublin,,155052,51.23124,22.568398,1,
Lublin,155052,639726,51.23124,22.568398,,
Lublin Zachodni,,84171,51.218742,22.508389,1,
Lublin Zachodni,84171,83374,51.218742,22.508389,,
Ludwigshafen(Rh)Hbf,595646,469924,49.47653,8.433042,,
"Ludwigshafen, Hauptbahnhof",,595646,49.476994,8.433321,1,
Ludwigslust,118713,117674,53.33467,11.494491,,
Ludwigslust Bahnhof,,118713,53.334454,11.494384,1,
Ludwigsstadt,,146608,50.486584,11.382993,1,
Ludwigsstadt,146608,146995,50.486584,11.382989,,
Lunderskov st,,416485,55.48012,9.303791,1,
Lunderskov st,416485,411919,55.48012,9.303791,,
Lutherstadt Wittenberg Hbf,,473447,51.86781,12.662285,1,
Lutherstadt Wittenberg Hbf,473447,668554,51.86781,12.662285,,
Lübben(Spreewald),454549,145841,51.939842,13.877132,,1
Lübben(Spreewald),454549,466705,51.93978,13.877006,,2
"Lübben, Bahnhof",,454549,51.939842,13.877383,1,
Lübbenau(Spreewald),309384,375104,51.862026,13.961095,,2
Lübbenau(Spreewald),309384,655635,51.862095,13.961176,,1
"Lübbenau, Bahnhof",,309384,51.862114,13.962173,1,
Lüneburg,,575604,53.249966,10.419999,1,
Lüneburg,575604,60442,53.24966,10.419892,,
MG Hbf /Europaplatz,,519605,51.197212,6.445421,1,
MG Rheydt Hbf,,604119,51.163162,6.441055,1,
Magdeburg Hbf,,635748,52.130512,11.626963,1,
Magdeburg Hbf,635748,190668,52.130527,11.626775,,
Magdeburg Hbf,635748,294867,52.130455,11.627337,,3
Magdeburg Hbf,635748,330754,52.130558,11.62639,,6
Magdeburg Hbf,635748,636760,52.130596,11.626065,,8
Magdeburg Hbf,635748,92856,52.130573,11.626264,,7
Mainz Hbf,416267,316069,50.001118,8.25872,,
"Mainz, Hauptbahnhof",,416267,50.00145,8.258419,1,
Mainz-Kastel,83901,417272,50.00658,8.283174,,
Maishofen-Saalbach,,314638,47.358585,12.810197,1,
Maishofen-Saalbach,314638,376893,47.358585,12.810197,,
Mallnitz-Obervellach,,48168,46.981647,13.176141,1,
Mallnitz-Obervellach,48168,131187,46.981647,13.176141,,
Mannheim Hbf,483595,585181,49.479355,8.468921,,
"Mannheim, Hauptbahnhof",,483595,49.479748,8.469936,1,
Marburg Hauptbahnhof,,536946,50.819263,8.774011,1,
Marburg(Lahn),536946,153988,50.81927,8.775014,,
Marienhafe,411293,82290,53.519238,7.27436,,
Marienhafe Bahnhof,,411293,53.519897,7.273198,1,
Memmingen,,36977,47.985584,10.18685,1,
Memmingen,36977,22454,47.98558,10.186853,,
Meppen,259517,678898,52.696022,7.298015,,
"Meppen, Bahnhof",,259517,52.69565,7.298111,1,
Middelfart st,,291725,55.50162,9.734662,1,
Middelfart st,291725,668380,55.50162,9.734662,,
Miedzyzdroje,,579642,53.92421,14.45478,1,
Miedzyzdroje,579642,407202,53.92421,14.45478,,
Mieszkowice,,97212,52.782093,14.485966,1,
Mieszkowice,97212,676344,52.782093,14.485966,,
Milano Centrale,,539725,45.48714,9.204824,1,
Milano Centrale,539725,616411,45.48714,9.204824,,
"Minden, Kaiserstraße",,264456,52.289364,8.927862,1,
"Minden, Kaiserstraße",264456,406150,52.289368,8.927862,,
Montabaur,424929,660746,50.444836,7.825333,,
Montabaur Bf,,424929,50.44483,7.825323,1,
Mosonmagyarovar,,394244,47.850357,17.266424,1,
Mosonmagyarovar,394244,648389,47.850357,17.266424,,
Murnau,,352121,47.682266,11.192631,1,
Murnau,352121,549981,47.682266,11.192628,,
Myslowice,,423133,50.23779,19.1419,1,
Myslowice,423133,448225,50.23779,19.1419,,
Möhlin,,170392,47.56186,7.833863,1,
Möhlin,170392,237204,47.56186,7.833863,,
Mönchengladbach Hbf,519605,588980,51.196583,6.446111,,
Mühlacker,452519,318048,48.953194,8.846101,,
Mühlacker Bahnhof,,452519,48.953094,8.845818,1,
Müllheim (Baden) Bahnhof,,65370,47.80945,7.599056,1,
Müllheim im Markgräflerland,65370,11640,47.809742,7.599332,,
München Hbf,,306219,48.14029,11.559602,1,
München Hbf,306219,142825,48.140232,11.558335,,
München Hbf Gl.27-36,306219,427937,48.14153,11.556708,,
München Hbf Gl.5-10,306219,464710,48.13993,11.554814,,
München Ost,591404,481863,48.12744,11.604971,,
München-Pasing,157167,235414,48.149853,11.461872,,
Münster Hauptbahnhof,,611905,51.9567,7.63444,1,
Münster(Westf)Hbf,611905,559169,51.956566,7.635715,,
Mürzzuschlag,,270693,47.60791,15.677244,1,
Mürzzuschlag,270693,483376,47.60791,15.677244,,
Nagymaros-Visegrad,,362541,47.790894,18.9588,1,
Nagymaros-Visegrad,362541,59698,47.790894,18.9588,,
Naleczow,,213994,51.31779,22.21296,1,
Naleczow,213994,287160,51.31779,22.21296,,
Naumburg(Saale)Hbf,,149839,51.16307,11.796984,1,
Naumburg(Saale)Hbf,149839,17075,51.16307,11.796984,,
Neu-Ulm,669832,678296,48.393494,10.005766,,
Neu-Ulm Bahnhof,,669832,48.39346,10.004789,1,
Neumünster,,546237,54.07566,9.979757,1,
Neumünster,546237,239630,54.075672,9.979839,,
Neustadt(Weinstr)Hbf,273946,215334,49.349552,8.140757,,
"Neustadt, Hauptbahnhof",,273946,49.35004,8.139985,1,
Neustrelitz Hauptbahnhof,,241030,53.359474,13.07435,1,
Neustrelitz Hbf,241030,316432,53.359257,13.074603,,
Niebüll,,467197,54.78956,8.834768,1,
Niebüll,467197,199950,54.78959,8.834952,,
Niebüll,467197,307262,54.78953,8.834595,,
Niebüll,467197,415607,54.789547,8.834721,,
Niesky,104860,269808,51.298737,14.831897,,
Niesky Bahnhof,,104860,51.29863,14.831832,1,
Norddeich,450463,354799,53.62158,7.160824,,
Norddeich Mole,399305,529891,53.62432,7.158739,,
Norddeich(Norden),,450463,53.62152,7.160884,1,
Norddeich(Norden) Mole,,399305,53.62432,7.158739,1,
Norden,4416,90348,53.588104,7.219352,,
Norden(Ostfriesl),,4416,53.588013,7.219321,1,
Nove Zamky,,37998,47.995003,18.173956,1,
Nove Zamky,37998,295977,47.995003,18.173956,,
Nowa Sol,,680201,51.799683,15.708106,1,
Nowa Sol,680201,565947,51.799683,15.708106,,
Nowy Tomysl,,302993,52.304085,16.13294,1,
Nowy Tomysl,302993,215331,52.304085,16.13294,,
Nürnberg Hbf,,78943,49.445614,11.082992,1,
Nürnberg Hbf,78943,587409,49.445618,11.082989,,
Oberhausen Hbf,,177982,51.474,6.853346,1,
Oberhausen Hbf,177982,258362,51.474876,6.851588,,
Oberndorf (Neckar) Bahnhof,,101785,48.29609,8.575363,1,
Oberndorf(Neckar),101785,209548,48.29567,8.575514,,
Oberstdorf,,486555,47.411034,10.278092,1,
Oberstdorf,486555,266114,47.411034,10.278097,,
Oborniki Slaskie,,391462,51.298965,16.907549,1,
Oborniki Slaskie,391462,526578,51.298965,16.907549,,
Odense st,,75824,55.401775,10.386005,1,
Odense st,75824,324778,55.401775,10.386005,,
Offenburg,118945,165349,48.476475,7.946723,,
Offenburg Bahnhof,,118945,48.476387,7.946587,1,
Oldenburg(Oldb)Hbf,510388,233043,53.1444,8.223331,,8
Oldenburg(Oldb)Hbf,510388,268858,53.144302,8.223277,,7
Oldenburg(Oldb)Hbf,510388,450082,53.14383,8.223043,,1
Oldenburg(Oldb)Hbf,510388,642003,53.143948,8.223097,,3
"Oldenburg, Hauptbahnhof",,510388,53.144222,8.222684,1,
Olten,,56352,47.351936,7.9077,1,
Olten,56352,574786,47.351936,7.9077,,
Oostende,,602897,51.22849,2.926827,1,
Oostende,602897,171516,51.22849,2.926827,,
Opalenica,,278073,52.309727,16.400345,1,
Opalenica,278073,466071,52.309727,16.400345,,
Opoczno Poludnie,,461167,51.358517,20.231709,1,
Opoczno Poludnie,461167,45183,51.358517,20.231709,,
Opole Glowne,,553577,50.661514,17.925863,1,
Opole Glowne,553577,370774,50.661514,17.925863,,
Oranienburg,546060,160581,52.754093,13.249336,,20
Oranienburg,546060,417602,52.75408,13.249215,,28
Oranienburg,546060,457084,52.75412,13.249437,,24
Osnabrück Hbf,,433536,52.27313,8.060825,1,
Osnabrück Hbf,433536,137085,52.272747,8.061333,,2
Osnabrück Hbf,433536,275510,52.272606,8.061793,,5
Osnabrück Hbf,433536,284897,52.273598,8.059918,,12
Osnabrück Hbf,433536,298981,52.272697,8.061522,,3
Osnabrück Hbf,433536,303223,52.27285,8.061781,,
Osnabrück Hbf,433536,988,52.27351,8.059799,,11
Ostbahnhof,,591404,48.12815,11.604545,1,
Ostrava hl.n.,,482018,49.852085,18.267262,1,
Ostrava hl.n.,482018,636065,49.852085,18.267262,,
Ostseebad Binz,,584663,54.404823,13.600502,1,
Ostseebad Binz,584663,577712,54.40482,13.600507,,
Pabianice,,671809,51.66095,19.325098,1,
Pabianice,671809,437031,51.66095,19.325098,,
Padborg st,,255710,54.82425,9.358803,1,
Padborg st,255710,130262,54.82425,9.358803,,
Padova,,492350,45.417824,11.88062,1,
Padova,492350,473398,45.417824,11.88062,,
Papenburg(Ems),,97442,53.089706,7.386708,1,
Papenburg(Ems),97442,420230,53.089706,7.386708,,
Pardubice hl.n.,,255637,50.0317,15.75753,1,
Pardubice hl.n.,255637,376140,50.03174,15.756211,,
Paris Est,,337453,48.876976,2.35912,1,
Paris Est,337453,335930,48.876976,2.35912,,
Pasewalk,,50512,53.515038,13.989293,1,
Pasewalk,50512,117973,53.515354,13.988875,,
Pasing,,157167,48.149143,11.460697,1,
Passau Hbf,,276064,48.57363,13.45078,1,
Passau Hbf,276064,356394,48.57363,13.450776,,
Pforzheim Hauptbahnhof,,277063,48.89398,8.703121,1,
Pforzheim Hbf,277063,596724,48.894154,8.703099,,
Pilawa,,141257,51.957237,21.53291,1,
Pilawa,141257,619250,51.957237,21.53291,,
Plattling,,62260,48.77962,12.863938,1,
Plattling,62260,459451,48.779617,12.86394,,
Pleszew,,10916,51.89199,17.73284,1,
Pleszew,10916,103527,51.89199,17.73284,,
Plochingen,,670170,48.71294,9.411299,1,
Plochingen,670170,479977,48.71308,9.41081,,
Potsdam Hbf,10468,11648,52.391666,13.066749,,3
Potsdam Hbf,10468,13600,52.391422,13.066721,,4
Potsdam Hbf,10468,383784,52.391483,13.066728,,2
Poznan Glowny,,126739,52.401993,16.91087,1,
Poznan Glowny,126739,71972,52.401993,16.91087,,
Praha hl.n.,,383503,50.08306,14.436039,1,
Praha hl.n.,383503,43717,50.08306,14.436039,,
Praha-Holesovice,,652710,50.110214,14.440013,1,
Praha-Holesovice,652710,581583,50.110214,14.440013,,
Praha-Podbaba,,143006,50.11236,14.395604,1,
Praha-Podbaba,143006,365887,50.11236,14.395604,,
Prenzlau,20695,242048,53.32162,13.86654,,2
Prenzlau,20695,596909,53.321636,13.866409,,1
"Prenzlau, Bahnhof",,20695,53.321613,13.866558,1,
Prien am Chiemsee,,384564,47.8547,12.34685,1,
Prien am Chiemsee,384564,221443,47.855515,12.346615,,
Prora,4016,330371,54.444984,13.564057,,
Prora Bahnhof,,4016,54.444996,13.564049,1,
Przemysl Glowny,,328105,49.78366,22.776363,1,
Przemysl Glowny,328105,318149,49.78366,22.776363,,
Przemysl Zasanie,,602453,49.79363,22.774115,1,
Przemysl Zasanie,602453,187391,49.79363,22.774115,,
Przeworsk,,682029,50.067215,22.503357,1,
Przeworsk,682029,105520,50.067215,22.503357,,
Pulawy Miasto,,223961,51.426903,21.985098,1,
Pulawy Miasto,223961,37177,51.426903,21.985098,,
Pörtschach am Wörther See,,61081,46.636196,14.146286,1,
Pörtschach am Wörther See,61081,517307,46.636196,14.146286,,
Raciborz,,123268,50.09035,18.226397,1,
Raciborz,123268,509495,50.09035,18.226397,,
Radolfzell,145798,104778,47.735874,8.968984,,
Radolfzell Bahnhof,,145798,47.73581,8.969247,1,
Radymno,,183823,49.939533,22.829151,1,
Radymno,183823,579207,49.939533,22.829151,,
Rankweil,,39131,47.273018,9.637252,1,
Rankweil,39131,24257,47.273018,9.637252,,
Rathenow,49016,373408,52.59958,12.354209,,1
"Rathenow, Bahnhof",,49016,52.600105,12.354617,1,
Ravensburg,606626,13981,47.78448,9.6061,,
"Ravensburg, Bahnhof",,606626,47.784554,9.606673,1,
Rawicz,,596539,51.608677,16.840118,1,
Rawicz,596539,216638,51.608677,16.840118,,
Recklinghausen Hbf,,124892,51.61598,7.201371,1,
Recklinghausen Hbf,124892,23262,51.61636,7.20349,,
Regensburg Hbf,,595031,49.01167,12.099624,1,
Regensburg Hbf,595031,11644,49.011673,12.099617,,
Rejowiec,,179588,51.11764,23.239265,1,
Rejowiec,179588,299683,51.11764,23.239265,,
Remagen,537954,16068,50.577003,7.23027,,
Remagen Bf,,537954,50.57721,7.229776,1,
Rheine,432881,226215,52.2763,7.434255,,
"Rheine, Bahnhof",,432881,52.2763,7.43426,1,
Rheinfelden(CH),,515041,47.551212,7.792169,1,
Rheinfelden(CH),515041,235909,47.551212,7.792169,,
Rheydt Hbf,604119,141452,51.16303,6.439564,,
Ribnitz-Damgarten West,,220156,54.239353,12.436843,1,
Ribnitz-Damgarten West,220156,126110,54.239178,12.436965,,
Riesa,582492,468221,51.309654,13.287734,,
Riesa Busbf/Bahnhof,,582492,51.3094,13.288383,1,
Ringsheim/Europa-Park,,42747,48.248672,7.773023,1,
Ringsheim/Europa-Park,42747,514457,48.248726,7.773037,,
Ringsted st,,116245,55.438038,11.786155,1,
Ringsted st,116245,242892,55.438038,11.786155,,
Roedekro st,,569024,55.069687,9.332754,1,
Roedekro st,569024,174174,55.069687,9.332754,,
Ropczyce,,560781,50.078583,21.582882,1,
Ropczyce,560781,614601,50.078583,21.582882,,
Rosenheim,,411114,47.851257,12.118983,1,
Rosenheim,411114,219496,47.850018,12.119202,,
Roskilde st,,586928,55.639015,12.088854,1,
Roskilde st,586928,533384,55.639015,12.088854,,
Rostock Hauptbahnhof,,353260,54.07818,12.130724,1,
Rostock Hbf,353260,455130,54.078247,12.131079,,
Rottweil,532242,186619,48.165302,8.639295,,
Rottweil Bahnhof,,532242,48.165245,8.639745,1,
Roudnice nad Labem,,672386,50.426598,14.263827,1,
Roudnice nad Labem,672386,598501,50.426598,14.263827,,
Rovereto,,429457,45.891174,11.034067,1,
Rovereto,429457,93787,45.89096,11.033601,,
Rudolstadt (Thüringen),,190671,50.718,11.339156,1,
Rudolstadt(Thür),190671,543687,50.71793,11.338899,,
Ruhland,406827,193497,51.455208,13.870102,,3
Ruhland,406827,527399,51.455162,13.87019,,4
"Ruhland, Bahnhof",,406827,51.455334,13.869934,1,
Rybnik(PL),,340865,50.089134,18.547642,1,
Rybnik(PL),340865,549502,50.089134,18.547642,,
Rzepin,,620545,52.350224,14.815073,1,
Rzepin,620545,332431,52.350224,14.815073,,
Rzeszow Glowny,,287059,50.043114,22.006798,1,
Rzeszow Glowny,287059,176161,50.043114,22.006798,,
S Charlottenburg Bhf (Berlin),,371044,52.50473,13.303862,1,
S Königs Wusterhausen Bhf,,552491,52.296963,13.631305,1,
S Königs Wusterhausen Bhf,552491,464475,52.296642,13.631479,,
S Oranienburg Bhf,,546060,52.754486,13.248311,1,
S Ostbahnhof (Berlin),,222937,52.51033,13.435086,1,
S Ostkreuz Bhf (Berlin),,569387,52.503113,13.469221,1,
S Potsdam Hauptbahnhof,,10468,52.391445,13.067157,1,
S Schöneweide Bhf (Berlin),,414905,52.454613,13.510149,1,
S Spandau Bhf (Berlin),,604605,52.534798,13.197477,1,
S Südkreuz Bhf (Berlin),,578297,52.475502,13.365552,1,
S Wannsee Bhf (Berlin),,184156,52.421726,13.178932,1,
S+U Berlin Hauptbahnhof,,278006,52.525604,13.369075,1,
S+U Gesundbrunnen Bhf (Berlin),,61610,52.548637,13.388372,1,
S+U Lichtenberg Bhf (Berlin),,610888,52.510674,13.498359,1,
S+U Zoologischer Garten Bhf (Berlin),,128712,52.50692,13.332707,1,
Saalfeld (Saale),,555810,50.65049,11.374546,1,
Saalfeld(Saale),555810,216761,50.650272,11.374583,,
Saalfelden,,501778,47.426857,12.829765,1,
Saalfelden,501778,403452,47.426857,12.829765,,
Saarbrücken Hbf,,322842,49.24107,6.99102,1,
Saarbrücken Hbf,322842,484827,49.24148,6.991045,,14
Saarbrücken Hbf,322842,524320,49.241283,6.991011,,5
Saarbrücken Hbf,322842,559382,49.241337,6.991009,,12
Saarbrücken Hbf,322842,92798,49.241085,6.990951,,3
Salzburg Hbf,,582815,47.81305,13.04582,1,
Salzburg Hbf,582815,419137,47.81305,13.04582,,
Salzwedel,,307885,52.858112,11.162035,1,
Salzwedel,307885,631514,52.858112,11.162035,,
Sargans,,551964,47.044823,9.44626,1,
Sargans,551964,330533,47.044823,9.44626,,
Schaffhausen,,335830,47.69828,8.632756,1,
Schaffhausen,335830,121886,47.69828,8.632756,,
Schleswig,,350832,54.499516,9.538149,1,
Schleswig,350832,336256,54.49946,9.53814,,
Schorndorf,,179092,48.80694,9.52569,1,
Schorndorf,179092,670305,48.80715,9.52631,,
Schwarzach-St.Veit,,250313,47.318535,13.154464,1,
Schwarzach-St.Veit,250313,249690,47.318535,13.154464,,
Schwerin Hauptbahnhof,,420192,53.6347,11.407499,1,
Schwerin Hbf,420192,162432,53.63474,11.407455,,
Schwäbisch Gmünd,597105,562114,48.80101,9.787795,,
Schöna(Gr),,545383,50.860054,14.222133,1,
Schöna(Gr),545383,272099,50.860054,14.222133,,
Scinawa,,247083,51.409657,16.421356,1,
Scinawa,247083,317600,51.409657,16.421356,,
Sedziszow Malopolski,,600139,50.07528,21.694704,1,
Sedziszow Malopolski,600139,348610,50.07528,21.694704,,
Sevnica,,11219,46.009678,15.301231,1,
Sevnica,11219,410934,46.009678,15.301231,,
Siegburg Bf,,260030,50.793907,7.203024,1,
Siegburg/Bonn,260030,683634,50.793915,7.203026,,
Sieradz,,45152,51.59766,18.714989,1,
Sieradz,45152,489545,51.59766,18.714989,,
Simbach (Inn),,234625,48.26281,13.022958,1,
Simbach(Inn),234625,394870,48.262814,13.022952,,
Singen (Htw) Bahnhof,,48013,47.758987,8.841345,1,
Singen(Hohentwiel),48013,416511,47.75888,8.841269,,
Skierniewice,,487288,51.967182,20.149752,1,
Skierniewice,487288,6471,51.967182,20.149752,,
Sonthofen,,136985,47.513283,10.272092,1,
Sonthofen,136985,659219,47.513283,10.272093,,
Sopot,,221010,54.440166,18.562323,1,
Sopot,221010,64594,54.440166,18.562323,,
Sosnowiec Glowny,,527783,50.2789,19.126411,1,
Sosnowiec Glowny,527783,531808,50.2789,19.126411,,
Spaichingen,392814,363883,48.06899,8.740147,,
Spaichingen Bahnhof,,392814,48.069103,8.740177,1,
Spiez,,79684,46.686398,7.680103,1,
Spiez,79684,29034,46.686398,7.680103,,
Spittal-Millstätter See,,19166,46.795734,13.487544,1,
Spittal-Millstätter See,19166,254215,46.795734,13.487544,,
Sroda Wielkopolska,,84408,52.21805,17.274818,1,
Sroda Wielkopolska,84408,656956,52.21805,17.274818,,
St Georgen(Schwarzw),566448,287732,48.123814,8.341955,,
St. Anton am Arlberg,,577463,47.12733,10.267088,1,
St. Anton am Arlberg,577463,327073,47.12733,10.267088,,
St. Gallen(CH),,575003,47.42318,9.369897,1,
St. Gallen(CH),575003,542598,47.42318,9.369897,,
St. Georgen Bahnhof,,566448,48.124187,8.342762,1,
St. Johann im Pongau,,463385,47.348377,13.194961,1,
St. Johann im Pongau,463385,261227,47.348377,13.194961,,
St. Johann in Tirol,,188090,47.51962,12.430775,1,
St. Johann in Tirol,188090,16796,47.51962,12.430775,,
St. Margrethen SG,,554079,47.453217,9.638262,1,
St. Margrethen SG,554079,410828,47.453217,9.638262,,
St. Paul im Lavanttal,,584880,46.72139,14.85579,1,
St. Paul im Lavanttal,584880,623533,46.72139,14.85579,,
St.Pölten Hbf,,252410,48.208275,15.624683,1,
St.Pölten Hbf,252410,539952,48.208275,15.624683,,
Stadtroda,,106889,50.86817,11.723213,1,
Stadtroda,106889,574255,50.868217,11.722792,,
Stargard,,282113,53.33975,15.031746,1,
Stargard,282113,198495,53.33975,15.031746,,
Stein-Säckingen,,104675,47.541607,7.948843,1,
Stein-Säckingen,104675,357482,47.541607,7.948843,,
Stendal Hbf,,358538,52.594723,11.854412,1,
Stendal Hbf,358538,227165,52.594658,11.855434,,4
Stendal Hbf,358538,356714,52.594723,11.855409,,
Stendal Hbf,358538,377706,52.594837,11.855358,,2
Stendal Hbf,358538,576786,52.594784,11.855384,,3
Stendal Hbf,358538,597618,52.59494,11.85532,,1
Stralsund Hauptbahnhof,,641274,54.309105,13.077773,1,
Stralsund Hbf,641274,499475,54.308624,13.077321,,
Strasbourg,,117119,48.58534,7.734067,1,
Strasbourg,117119,428565,48.58534,7.734067,,
Sturovo,,354381,47.800125,18.67992,1,
Sturovo,354381,165169,47.800125,18.67992,,
Stuttgart Hbf,482389,73468,48.78478,9.182757,,
Stuttgart-Vaihingen,517654,216112,48.72628,9.113226,,
Sulz (Neckar) Bahnhof,,202429,48.366825,8.636924,1,
Sulz(Neckar),202429,136244,48.366486,8.636748,,
Swidnik Miasto,,577642,51.223846,22.695324,1,
Swidnik Miasto,577642,551256,51.223846,22.695324,,
Swiebodzin,,373754,52.245144,15.53954,1,
Swiebodzin,373754,456014,52.245144,15.53954,,
Swinoujscie,,386837,53.90482,14.266627,1,
Swinoujscie,386837,679685,53.90482,14.266627,,
Szamotuly,,74547,52.603542,16.58542,1,
Szamotuly,74547,528665,52.603542,16.58542,,
Szczecin Dabie,,650877,53.391228,14.669465,1,
Szczecin Dabie,650877,423892,53.391228,14.669465,,
Szczecin Glowny,,519614,53.418785,14.550318,1,
Szczecin Glowny,519614,165149,53.418785,14.550318,,
Szob,,128960,47.821,18.862057,1,
Szob,128960,53225,47.821,18.862057,,
Szob(Gr),,111178,47.824898,18.844774,1,
Szob(Gr),111178,582689,47.824898,18.844774,,
Tarnow,,542312,50.0054,20.97418,1,
Tarnow,542312,48047,50.0054,20.97418,,
Tatabanya,,553491,47.58493,18.393612,1,
Tatabanya,553491,120982,47.58493,18.393612,,
Tczew,,83339,54.09732,18.790155,1,
Tczew,83339,66922,54.09732,18.790155,,
Thun,,624252,46.754852,7.629606,1,
Thun,624252,65678,46.754852,7.629606,,
Tinglev st,,501264,54.936172,9.258234,1,
Tinglev st,501264,400669,54.936172,9.258234,,
Traunstein,,409315,47.86973,12.638802,1,
Traunstein,409315,102260,47.869728,12.638801,,
Trento,,642872,46.07229,11.1189,1,
Trento,642872,670959,46.07229,11.1189,,
Treuchtlingen,,321225,48.96127,10.908162,1,
Treuchtlingen,321225,491627,48.961266,10.908159,,
Treysa,,43110,50.91066,9.185673,1,
Treysa,43110,657266,50.91066,9.185673,,
Trzebinia,,421189,50.153934,19.453215,1,
Trzebinia,421189,342693,50.153934,19.453215,,
Tuttlingen,198459,323976,47.98058,8.798542,,
Tuttlingen Bahnhof,,198459,47.980576,8.798702,1,
Tutzing,,612171,47.9074,11.273731,1,
Tutzing,612171,315102,47.907143,11.27289,,
Uelzen,,341171,52.96979,10.553017,1,
Uelzen,341171,539437,52.969837,10.55279,,
Ulm Hauptbahnhof,,617107,48.39912,9.984181,1,
Ulm Hbf,617107,607129,48.3994,9.982608,,
Usti nad Labem hl.n.,,477092,50.65956,14.044728,1,
Usti nad Labem hl.n.,477092,589373,50.65956,14.044728,,
Utrecht Centraal,,468884,52.089397,5.109861,1,
Utrecht Centraal,468884,222506,52.089397,5.109861,,
Vac,,41216,47.782726,19.13306,1,
Vac,41216,206289,47.782726,19.13306,,
Vaihingen,,517654,48.72698,9.113912,1,
Vaihingen (E),,505544,48.94815,8.957578,1,
Vaihingen(Enz),505544,415888,48.948116,8.957632,,
Valby(Koebenhavn),,47197,55.663795,12.514324,1,
Valby(Koebenhavn),47197,168754,55.663795,12.514324,,
Vamdrup st,,431379,55.428093,9.286454,1,
Vamdrup st,431379,210712,55.428093,9.286454,,
Velden am Wörther See,,189869,46.620056,14.04472,1,
Velden am Wörther See,189869,371551,46.620056,14.04472,,
Velgast,,11052,54.277256,12.803149,1,
Velgast,11052,427720,54.277317,12.803137,,
Venezia Mestre,,516467,45.481907,12.231898,1,
Venezia Mestre,516467,256625,45.481907,12.231898,,
Venezia Santa Lucia,,193163,45.441395,12.320459,1,
Venezia Santa Lucia,193163,448884,45.441395,12.320459,,
Venlo,,434283,51.364407,6.171838,1,
Venlo,434283,234276,51.364407,6.171838,,
Venlo(Gr),,584697,51.340893,6.192712,1,
Venlo(Gr),584697,292047,51.340893,6.192712,,
Verona Porta Nuova,,560887,45.428658,10.982739,1,
Verona Porta Nuova,560887,323996,45.428658,10.982739,,
Vicenza,,312370,45.5411,11.540777,1,
Vicenza,312370,498683,45.5411,11.540777,,
Viersen,73568,54276,51.254948,6.403896,,
Viersen Bahnhof,,73568,51.2545,6.404,1,
Villach Hbf,,27625,46.618614,13.848449,1,
Villach Hbf,27625,106344,46.618614,13.848449,,
Villingen Bahnhof/ZOB,,115708,48.057804,8.465526,1,
Villingen(Schwarzw),115708,374546,48.05802,8.465261,,
Visp,,483771,46.29403,7.881465,1,
Visp,483771,349778,46.29403,7.881465,,
Vojens st,,275901,55.248478,9.304915,1,
Vojens st,275901,105972,55.248478,9.304915,,
Wabern(Bz Kassel),,465899,51.103134,9.35804,1,
Wabern(Bz Kassel),465899,516711,51.103134,9.35804,,
Waren (Müritz) Bahnhof,,683824,53.52151,12.681077,1,
Waren(Müritz),683824,235798,53.52151,12.680678,,
Warnemünde,,618327,54.17711,12.090839,1,
Warnemünde,618327,148532,54.176853,12.091271,,
Warszawa Centralna,,664774,52.22886,21.003235,1,
Warszawa Centralna,664774,191846,52.22886,21.003235,,
Warszawa Wschodnia,,206863,52.25155,21.052336,1,
Warszawa Wschodnia,206863,15960,52.25155,21.052336,,
Warszawa Zachodnia,,563793,52.21997,20.965246,1,
Warszawa Zachodnia,563793,272807,52.21997,20.965246,,
Wegliniec,,300390,51.290108,15.223085,1,
Wegliniec,300390,184454,51.290108,15.223085,,
Weil am Rhein,345348,271314,47.59361,7.60844,,
Weil am Rhein Bahnhof,,345348,47.59434,7.608892,1,
Weilheim,,17965,47.845108,11.143502,1,
Weilheim(Oberbay),17965,614767,47.845364,11.14286,,
Weimar,,227591,50.991486,11.326463,1,
Weimar,227591,447527,50.991486,11.326458,,
Weinheim(Bergstr)Hbf,235912,326217,49.553303,8.665351,,
"Weinheim, Hauptbahnhof",,235912,49.55333,8.665697,1,
Weißenfels,,193874,51.204617,11.970926,1,
Weißenfels,193874,563464,51.204617,11.970926,,
Wels Hbf,,488776,48.166077,14.026569,1,
Wels Hbf,488776,464171,48.166077,14.026569,,
Westerland(Sylt),280800,382174,54.906853,8.31098,,
Westerland(Sylt) ZOB/Bahnhof,,280800,54.906895,8.310884,1,
Westerstede-Ocholt,,575088,53.20229,7.886531,1,
Westerstede-Ocholt,575088,309695,53.202248,7.886519,,
Weststeiermark,,99515,46.813923,15.296772,1,
Weststeiermark,99515,611177,46.813923,15.296772,,
Wien Hauptbahnhof,,510119,48.185104,16.377113,1,
Wien Hbf,510119,638200,48.1851,16.377113,,
Wien Meidling,,346361,48.174583,16.333736,1,
Wien Meidling,346361,19394,48.174583,16.333736,,
Wiener Neustadt Hbf,,17464,47.81108,16.233652,1,
Wiener Neustadt Hbf,17464,611215,47.81108,16.233652,,
Wiesbaden Hauptbahnhof,,552226,50.069477,8.244631,1,
Wiesbaden Hbf,552226,481327,50.07079,8.243731,,
Wiesbaden-Mainz-Kastel Bahnhof,,83901,50.007133,8.282617,1,
Wiesloch-Walldorf,405754,135763,49.29135,8.664146,,
"Wiesloch-Walldorf, Bf",,405754,49.29107,8.664224,1,
Winterthur,,548424,47.500336,8.723821,1,
Winterthur,548424,417018,47.500336,8.723821,,
Wittenberge,31930,593058,53.004498,11.762504,,4
"Wittenberge, Bahnhof",,31930,53.002373,11.763205,1,
Wloszczowa Polnoc,,439011,50.85811,19.947002,1,
Wloszczowa Polnoc,439011,322662,50.85811,19.947002,,
Wolfsburg Hbf,319474,596209,52.429497,10.787784,,
"Wolfsburg, Hauptbahnhof",,319474,52.42946,10.78776,1,
Wolow,,453200,51.333015,16.633755,1,
Wolow,453200,90481,51.333015,16.633755,,
Worms Hbf,130747,539365,49.63494,8.356448,,
"Worms, Hauptbahnhof",,130747,49.635113,8.356955,1,
Wroclaw Glowny,,39951,51.09808,17.037088,1,
Wroclaw Glowny,39951,388360,51.09808,17.037088,,
Wronki,,629652,52.704967,16.38615,1,
Wronki,629652,633958,52.704967,16.38615,,
Wysoka Kamienska,,415779,53.82494,14.832578,1,
Wysoka Kamienska,415779,38630,53.82494,14.832578,,
Wörgl Hbf,,78715,47.4918,12.060581,1,
Wörgl Hbf,78715,471404,47.4918,12.060581,,
Würzburg Hbf,,216298,49.801796,9.93578,1,
Würzburg Hbf,216298,404038,49.801796,9.93578,,
Zabrze,,563158,50.30528,18.786947,1,
Zabrze,563158,401631,50.30528,18.786947,,
Zagreb Glavni kolodvor,,370639,45.80444,15.978705,1,
Zagreb Glavni kolodvor,370639,274407,45.80444,15.978705,,
Zapresic,,243568,45.844494,15.813187,1,
Zapresic,243568,489998,45.844494,15.813187,,
Zawiercie,,663774,50.481018,19.422993,1,
Zawiercie,663774,176903,50.481018,19.422993,,
Zbaszyn,,126394,52.259502,15.894974,1,
Zbaszyn,126394,18638,52.259502,15.894974,,
Zbaszynek,,274899,52.242508,15.818092,1,
Zbaszynek,274899,400588,52.242508,15.818092,,
Zdunska Wola,,307754,51.61125,18.946575,1,
Zdunska Wola,307754,605165,51.61125,18.946575,,
Zell am See,,668441,47.32052,12.796571,1,
Zell am See,668441,415208,47.32052,12.796571,,
Zidani Most,,509682,46.085587,15.170324,1,
Zidani Most,509682,385757,46.085587,15.170324,,
Zielona Gora Glowna,,275270,51.947437,15.513709,1,
Zielona Gora Glowna,275270,46175,51.947437,15.513709,,
Zmigrod,,422103,51.474678,16.901731,1,
Zmigrod,422103,186683,51.474678,16.901731,,
Zyrardow,,607753,52.052116,20.448338,1,
Zyrardow,607753,610770,52.052116,20.448338,,
Zürich Flughafen,,47399,47.450386,8.562402,1,
Zürich Flughafen,47399,490285,47.450386,8.562402,,
Zürich HB,,122606,47.378178,8.540212,1,
Zürich HB,122606,255962,47.378178,8.540212,,
Züssow,638019,8771,53.97388,13.548191,,
Züssow Bahnhof,,638019,53.97299,13.549442,1,
Ötztal,,464217,47.238483,10.859114,1,
Ötztal,464217,166496,47.238483,10.859114,,
