route_id,service_id,trip_id
1,1034,1480592
1,17,579476
1,17,713666
1,314,1244813
1,391,1363073
1,419,718673
1,494,1095929
1,494,1540978
1,51,64308
1,584,1046185
1,584,1080585
1,584,1206601
1,584,1337825
1,584,1364081
1,584,141090
1,584,1419607
1,584,1638171
1,584,184760
1,584,18961
1,584,39613
1,584,467131
1,584,513279
1,584,579264
1,584,758489
1,584,965877
1,589,1406966
1,589,373273
1,604,529994
1,604,787050
1,744,383113
1,744,87695
1,767,1071622
1,767,1220179
1,767,1399727
1,767,143640
1,767,1566550
1,767,352677
1,767,513627
1,767,515341
1,767,954460
1,790,1398089
1,812,1245802
1,879,246868
1,933,1369193
1,933,1450411
1,937,1578251
10,154,291929
10,17,664770
10,174,398199
10,174,748952
10,2,346759
10,200,1225035
10,200,1237762
10,200,1246242
10,200,1404776
10,200,1515153
10,200,1546658
10,200,172192
10,200,305893
10,200,995447
10,227,1422117
10,263,125562
10,274,1289688
10,274,1557706
10,274,1576660
10,275,1366898
10,303,1021625
10,303,511216
10,303,804942
10,332,192237
10,34,964931
10,342,1606731
10,342,87456
10,362,499448
10,381,747887
10,381,971308
10,409,711897
10,412,1108541
10,412,1120600
10,412,1296375
10,412,252524
10,412,306475
10,412,319390
10,412,513338
10,412,516459
10,412,768722
10,475,1037466
10,477,1627578
10,518,1243848
10,518,654884
10,52,117524
10,52,1190324
10,52,364305
10,52,438151
10,553,1199243
10,553,1436471
10,553,1459918
10,553,179401
10,555,122874
10,555,499153
10,584,108164
10,584,1104405
10,584,1258993
10,584,1411852
10,584,1620847
10,584,190487
10,584,464992
10,584,580227
10,584,588897
10,584,749269
10,584,879310
10,587,335573
10,606,234727
10,609,1133092
10,66,1385510
10,674,1401327
10,715,1322455
10,715,26482
10,715,412105
10,715,652522
10,780,1016855
10,780,1561212
10,800,38050
10,810,1482081
10,838,28560
10,873,1280772
10,873,619264
10,883,1416920
10,883,1551015
10,897,804442
10,897,833982
10,900,1028992
10,900,1126431
10,900,1230561
10,900,1481891
10,900,248241
10,900,458063
10,900,756117
10,900,894386
10,900,91467
10,955,217349
10,988,1005144
10,988,1072839
10,988,1371660
10,988,1602150
10,988,184841
10,988,248493
10,988,319683
10,988,380512
10,988,893847
10,988,916151
11,13,1017387
11,136,271381
11,149,564659
11,229,575359
11,23,102690
11,25,162746
11,3,1441378
11,304,385616
11,304,568878
11,428,688742
11,444,944085
11,450,1553518
11,450,748880
11,465,481704
11,472,771538
11,477,1037193
11,481,693901
11,51,961449
11,564,268598
11,594,1049566
11,594,1241836
11,598,313804
11,604,830857
11,606,1465350
11,606,481240
11,638,1665237
11,664,810283
11,673,1548016
11,673,656878
11,679,1064282
11,684,1237678
11,719,240615
11,719,835909
11,760,421621
11,776,578399
11,783,1494473
11,815,548532
11,831,282371
11,837,153423
11,838,1683837
11,851,1653215
11,879,629813
11,879,801546
11,900,1048798
11,900,1235843
11,900,421719
11,900,697389
11,935,252327
11,951,212356
11,96,1525589
11,96,978571
11,968,1389527
11,968,610777
11,99,1280982
11,99,945890
12,174,674837
12,174,912578
12,306,283313
12,306,920995
12,51,1034164
12,51,1322107
12,565,1379439
12,615,859635
12,628,1524868
12,659,473251
12,698,801474
12,838,748461
12,872,1166859
13,17,271916
13,540,1260456
13,584,338797
13,584,758868
13,584,845403
13,602,441341
13,602,536043
13,605,233938
13,605,793834
13,758,1006414
13,758,216904
13,767,292893
13,838,693754
13,923,1458448
13,923,1628428
13,980,266334
14,1015,369088
14,1038,167240
14,1041,269233
14,1048,842356
14,1054,553171
14,151,42095
14,154,17198
14,158,1363432
14,17,119306
14,17,356341
14,173,855450
14,174,472858
14,174,547127
14,174,889903
14,249,1006621
14,281,1144414
14,284,1021095
14,284,1341524
14,284,1674603
14,284,222492
14,284,26175
14,284,35669
14,284,387480
14,284,690524
14,327,1571885
14,359,795848
14,38,454395
14,400,705252
14,402,1369576
14,419,1590232
14,424,951734
14,435,392956
14,47,1043804
14,47,559459
14,47,65157
14,47,908734
14,477,1049571
14,477,222266
14,477,411038
14,477,810083
14,488,692645
14,506,679018
14,51,1057905
14,51,1076990
14,51,1149395
14,51,1173883
14,51,1266407
14,51,1311878
14,51,1382909
14,51,1483179
14,51,16702
14,51,215971
14,51,271837
14,51,424360
14,51,441227
14,51,455703
14,51,474450
14,51,817294
14,51,900114
14,51,905785
14,51,91472
14,51,962639
14,51,971732
14,553,123632
14,584,115739
14,584,1166116
14,584,1212589
14,584,14439
14,584,1475362
14,584,343688
14,584,401927
14,584,637335
14,584,666172
14,584,892960
14,584,968749
14,584,986668
14,584,996281
14,605,757070
14,609,1008573
14,625,640836
14,669,583916
14,671,1446695
14,689,12486
14,7,381789
14,714,655044
14,715,1068094
14,715,1068315
14,715,1492936
14,715,207680
14,715,301638
14,715,336468
14,715,384300
14,715,7541
14,715,917729
14,715,995290
14,737,327604
14,767,1268693
14,777,151211
14,777,299273
14,777,793211
14,780,347658
14,837,1569667
14,838,290293
14,838,757592
14,838,905174
14,838,991131
14,85,1049583
14,85,1132716
14,85,1594656
14,85,3216
14,85,333210
14,85,751284
14,85,774114
14,85,900240
14,85,946134
14,85,966036
14,85,995613
14,855,85819
14,867,692790
14,897,215632
14,911,51189
14,95,874696
14,966,1159346
14,966,1250665
14,966,1471148
14,966,1476057
14,966,1510992
14,966,307727
14,966,348252
14,966,420807
14,966,667464
14,966,722597
14,979,292239
14,988,1020765
14,988,1078778
14,988,1106665
14,988,1442864
14,988,1580999
14,988,194314
14,988,261807
14,988,295384
14,988,39563
14,988,451934
14,988,58643
14,988,93812
14,993,1569516
14,993,1618440
14,993,846435
14,996,1295773
15,1013,1506588
15,1016,512813
15,1049,700
15,1061,454748
15,1061,741749
15,12,417624
15,156,713351
15,157,1664628
15,157,1668590
15,158,279378
15,17,107654
15,17,1263418
15,17,666711
15,17,987935
15,174,648577
15,185,160737
15,185,884322
15,188,260982
15,198,571246
15,200,1092248
15,200,110485
15,200,1107739
15,200,1227531
15,200,1234028
15,200,23709
15,200,484384
15,224,307050
15,224,935157
15,229,191465
15,238,1376611
15,247,1433599
15,279,238157
15,279,422597
15,28,408324
15,28,627425
15,289,1550173
15,3,1418354
15,3,176520
15,3,39325
15,304,275322
15,312,761616
15,314,958295
15,314,958457
15,32,25979
15,32,697283
15,321,1076140
15,321,1280308
15,321,1303566
15,321,1589291
15,321,299959
15,34,1148088
15,34,1353420
15,34,1512552
15,34,1646518
15,34,179990
15,34,46615
15,34,641309
15,34,660341
15,34,908709
15,342,176120
15,342,86504
15,358,1023634
15,358,1024540
15,358,1336921
15,358,1363679
15,358,1575440
15,358,16545
15,358,927274
15,358,963695
15,377,16526
15,377,256301
15,383,1016140
15,401,1574296
15,401,561229
15,405,399534
15,419,399732
15,419,995586
15,42,354634
15,42,518583
15,425,1522373
15,449,49528
15,450,1104962
15,457,1034177
15,457,859421
15,473,377660
15,476,1141275
15,477,1194316
15,492,710250
15,498,1195287
15,498,1592998
15,498,289786
15,498,738978
15,498,743714
15,498,916060
15,498,985160
15,51,1229821
15,51,168654
15,51,356798
15,51,400336
15,51,469019
15,51,527579
15,51,544020
15,51,64286
15,51,852621
15,51,934376
15,512,546645
15,528,1211567
15,536,136679
15,552,694828
15,564,1323026
15,564,1652085
15,564,619159
15,564,828823
15,57,429556
15,57,623707
15,584,1008499
15,584,1130307
15,584,1256963
15,584,1321069
15,584,1336212
15,584,1518471
15,584,1519269
15,584,1520047
15,584,170383
15,584,387627
15,584,395024
15,584,418277
15,584,431558
15,584,501362
15,584,629862
15,584,750293
15,584,763898
15,584,897795
15,587,1030920
15,587,198023
15,587,284478
15,587,951286
15,604,1172991
15,604,1252077
15,604,361660
15,606,1386030
15,606,1478299
15,606,211716
15,606,381912
15,606,53669
15,619,1360575
15,619,990709
15,625,1135720
15,658,1244786
15,659,125474
15,659,502194
15,66,83294
15,66,846739
15,679,708606
15,684,1340432
15,684,1565842
15,684,903535
15,713,984939
15,719,359300
15,719,541065
15,738,1524637
15,745,137045
15,780,538074
15,791,1028279
15,791,991581
15,803,547290
15,827,985036
15,83,394320
15,833,614307
15,834,783560
15,838,725880
15,879,1030490
15,879,1426134
15,879,301153
15,879,524352
15,879,571904
15,879,682250
15,894,1529903
15,900,1035866
15,900,1119188
15,900,1461499
15,900,276001
15,900,284339
15,900,493878
15,900,548708
15,900,549458
15,900,692646
15,900,770214
15,906,290856
15,91,19894
15,964,315660
15,975,875170
15,981,1501461
15,981,499663
15,983,154223
15,988,861390
15,999,1313490
15,999,390894
15,999,544987
15,999,623600
16,1,582209
16,1002,1079648
16,1040,417938
16,129,1149105
16,131,1233408
16,131,1424001
16,131,532808
16,131,553103
16,138,1415098
16,163,958390
16,17,597868
16,174,129153
16,174,1450486
16,214,112098
16,228,1605720
16,236,1447549
16,263,587071
16,268,1001997
16,268,14072
16,273,670207
16,276,1367547
16,277,538617
16,28,843551
16,286,1005137
16,289,807360
16,298,1131455
16,3,603340
16,30,54933
16,310,150571
16,310,388622
16,325,1153739
16,328,99025
16,358,1664967
16,359,149733
16,369,1558803
16,405,113702
16,419,1679166
16,42,1247222
16,42,1626339
16,42,408027
16,42,458024
16,42,787249
16,422,1312585
16,450,933565
16,469,393892
16,477,59533
16,484,181850
16,507,1398634
16,51,1169597
16,51,1326442
16,51,332756
16,51,434020
16,51,854847
16,545,344602
16,554,208024
16,554,235566
16,554,537570
16,554,833697
16,57,1203939
16,57,293588
16,583,1226750
16,583,42759
16,584,1060894
16,584,1062122
16,584,1274181
16,584,1354336
16,584,1577608
16,584,396956
16,584,549175
16,584,634591
16,584,648621
16,584,654531
16,584,836974
16,584,882455
16,587,1324536
16,587,311243
16,587,991642
16,605,1171553
16,605,1199254
16,605,1621050
16,605,1635048
16,605,219272
16,605,358945
16,605,978552
16,606,475056
16,606,947233
16,625,157951
16,634,1194863
16,634,1402071
16,66,1154375
16,66,1455685
16,66,26652
16,66,397364
16,66,873526
16,675,215662
16,684,1433330
16,778,1039589
16,838,697860
16,843,1522435
16,879,352564
16,885,71564
16,897,1412152
16,916,1677782
16,954,241719
16,988,118467
16,988,1228234
16,988,1325019
16,988,294262
16,988,327019
16,99,108641
16,991,1672978
17,1033,710512
17,140,10609
17,140,1158919
17,140,1204171
17,140,1274240
17,140,1280278
17,140,1300656
17,140,228389
17,140,649970
17,146,294832
17,146,563415
17,154,1026039
17,154,1353168
17,154,1618233
17,154,771607
17,158,203860
17,164,545507
17,17,1369738
17,17,1443367
17,17,1523642
17,19,1591930
17,193,1088829
17,242,1364132
17,258,156380
17,258,708195
17,283,1542652
17,291,208644
17,3,249413
17,33,694810
17,338,469003
17,338,780172
17,34,1069931
17,34,1592280
17,34,1674333
17,34,220800
17,34,267796
17,34,280111
17,34,362587
17,34,613714
17,34,633248
17,34,686694
17,34,878161
17,34,884157
17,34,989927
17,342,1457610
17,342,886117
17,362,1283778
17,385,1185893
17,393,330288
17,407,1359233
17,427,752412
17,427,823282
17,435,111399
17,435,1370749
17,435,1561912
17,435,333684
17,435,419320
17,435,530957
17,435,5528
17,457,1579111
17,477,1402961
17,477,1428270
17,477,156830
17,477,970425
17,495,1085070
17,495,1662587
17,495,240843
17,495,548768
17,495,897642
17,495,959818
17,499,215775
17,500,602430
17,51,1211112
17,51,1302603
17,51,1540654
17,51,186140
17,51,427602
17,51,627376
17,51,651748
17,51,723173
17,51,822668
17,518,1056402
17,518,1483177
17,518,344487
17,547,404764
17,555,906669
17,559,1474853
17,58,418863
17,584,1053449
17,584,1441192
17,584,1489184
17,584,238412
17,584,329544
17,584,390240
17,584,469625
17,584,597596
17,587,528634
17,587,888842
17,606,1315695
17,606,823665
17,616,1286542
17,616,631165
17,618,1256082
17,625,1157846
17,646,54426
17,659,239519
17,66,1021943
17,66,942525
17,674,1077833
17,674,327369
17,674,797871
17,688,1032078
17,717,1113237
17,717,130835
17,717,1362788
17,717,1411526
17,717,166785
17,717,177546
17,717,411678
17,717,818413
17,717,866697
17,717,961210
17,733,370821
17,745,425198
17,756,1366248
17,756,1407423
17,756,1421285
17,780,1165267
17,781,226560
17,781,290974
17,80,455031
17,819,685813
17,838,1349744
17,838,465275
17,847,248524
17,862,60694
17,875,1241609
17,879,1183668
17,900,1163107
17,900,1209263
17,900,1327198
17,900,1675332
17,900,188453
17,900,371875
17,900,471904
17,900,538742
17,900,914075
17,900,91884
17,986,1307233
17,988,38724
17,988,640388
18,1026,813706
18,1035,156590
18,1038,808057
18,111,1161170
18,122,1398132
18,158,739803
18,17,1127942
18,17,1263631
18,184,1115917
18,20,152306
18,302,730979
18,317,1394327
18,317,543459
18,317,726881
18,317,80655
18,317,813650
18,317,875653
18,373,178497
18,461,1316081
18,461,275097
18,584,1051371
18,584,1072098
18,584,1197395
18,584,1355667
18,600,1177226
18,75,1260972
18,767,859407
18,780,1520485
18,780,1521748
18,814,789212
18,838,1361230
18,838,198696
18,838,431147
18,838,502976
18,838,614547
18,838,625162
18,838,642654
18,838,811757
18,838,973149
18,866,1113666
18,885,752913
19,270,532892
19,584,1638251
19,584,187780
19,793,1112343
2,103,630404
2,114,34656
2,184,269759
2,218,1119081
2,289,1539795
2,289,1589880
2,289,947025
2,329,889099
2,374,1366024
2,374,704749
2,374,932527
2,388,973743
2,390,1492142
2,397,632263
2,416,56466
2,419,476729
2,419,50687
2,419,79868
2,419,900879
2,461,370876
2,461,566610
2,496,315998
2,526,1036549
2,584,1187338
2,584,1425514
2,584,1510341
2,584,642356
2,584,694508
2,584,841925
2,66,421945
2,667,635450
2,667,952325
2,705,204836
2,745,1091660
2,745,1661236
2,918,179666
2,988,594354
20,1009,681391
20,1009,729690
20,103,550627
20,1061,1537634
20,211,1227533
20,241,162364
20,250,100332
20,250,1094922
20,266,398400
20,374,1050054
20,374,1059914
20,374,1189421
20,374,1235857
20,374,1418165
20,374,1500701
20,374,4785
20,419,569597
20,471,94724
20,503,208428
20,509,1115518
20,51,195227
20,548,1471749
20,548,787295
20,573,1659238
20,725,1085168
20,728,502156
20,749,337610
20,878,597746
20,880,1355458
21,1031,483686
21,399,1146519
21,399,1481538
21,485,523520
21,584,1291788
21,584,12982
21,584,1441827
21,584,295253
21,584,463544
21,584,817183
21,605,309602
21,767,106524
21,767,1172054
21,881,278708
21,881,449340
21,881,486044
21,988,180201
21,988,283438
22,1030,344076
22,13,848614
22,147,349613
22,169,1047765
22,169,1085236
22,169,1086158
22,169,1185614
22,169,1289543
22,169,1554434
22,169,240718
22,169,363837
22,169,553890
22,169,573195
22,169,584534
22,169,874899
22,17,1137799
22,174,1326382
22,174,1360928
22,306,841135
22,333,27093
22,333,514388
22,518,193752
22,57,138320
22,584,1075632
22,584,1259644
22,584,1334855
22,584,1439686
22,584,1562892
22,584,181209
22,584,245414
22,584,253305
22,584,351535
22,584,378989
22,584,487552
22,584,746024
22,584,892657
22,605,1015070
22,605,1615207
22,605,284984
22,605,34066
22,605,356723
22,605,367217
22,605,428092
22,605,484203
22,605,485985
22,605,510494
22,605,520364
22,605,534890
22,605,56402
22,714,587337
22,732,1041294
22,732,1042528
22,732,1377887
22,732,1406440
22,732,1479586
22,732,168869
22,732,212563
22,732,212581
22,732,650983
22,732,722937
22,732,782003
22,734,1238135
22,745,1122737
22,748,460883
22,758,1069967
22,758,1070273
22,758,1079406
22,758,1186204
22,758,1189694
22,758,1217712
22,758,1236010
22,758,1350937
22,758,1533393
22,758,520546
22,758,53103
22,758,558157
22,758,868408
22,817,455279
22,838,77561
22,846,1058724
22,897,814238
22,988,1651697
22,988,356373
23,584,1388342
23,584,801340
24,1018,244934
24,1050,1630436
24,1053,1634163
24,1058,729218
24,1061,37915
24,1061,597673
24,1062,455993
24,107,1187665
24,11,1423789
24,11,35294
24,114,113274
24,114,466580
24,115,135109
24,121,110626
24,143,506203
24,154,1190840
24,154,1568417
24,154,1586100
24,154,709686
24,154,975464
24,154,994299
24,157,973312
24,158,1204187
24,158,1422406
24,158,589056
24,158,621898
24,17,1482919
24,17,1489251
24,17,457063
24,17,463811
24,17,559925
24,17,782330
24,174,1102313
24,174,1575607
24,174,338447
24,174,597358
24,174,704092
24,174,75527
24,187,754048
24,191,1612567
24,200,1326011
24,244,1316067
24,256,1532704
24,279,102486
24,279,605010
24,28,1325470
24,28,1494735
24,28,571744
24,286,1080843
24,286,121067
24,286,1305683
24,286,1562647
24,286,304648
24,3,1034496
24,3,1259345
24,3,40811
24,3,524228
24,3,638524
24,309,807573
24,309,921358
24,309,925388
24,314,1180585
24,314,1398181
24,314,1523349
24,314,456339
24,33,751934
24,332,393050
24,34,208833
24,34,384301
24,34,514210
24,363,1314981
24,365,466202
24,366,290109
24,405,358655
24,405,438983
24,408,27515
24,419,1189940
24,419,1562155
24,419,1661191
24,419,812195
24,419,917375
24,42,1237146
24,42,339388
24,42,485218
24,42,673356
24,42,991476
24,429,1222526
24,457,1070691
24,457,1276683
24,457,1578069
24,457,532265
24,457,720799
24,464,18577
24,477,1332766
24,477,173889
24,477,246422
24,482,1427177
24,482,1557525
24,482,775316
24,483,1500136
24,495,62878
24,51,126282
24,51,163488
24,51,226347
24,51,632157
24,528,1015702
24,528,1052433
24,528,1070233
24,528,1321245
24,528,230359
24,528,247317
24,528,433113
24,528,970280
24,528,975444
24,544,771539
24,55,496908
24,550,1583079
24,567,346129
24,567,882991
24,583,1090291
24,583,1119481
24,583,1319250
24,583,1421556
24,583,168912
24,583,187314
24,583,249060
24,583,447970
24,583,486029
24,583,554218
24,583,742107
24,583,758377
24,584,1016205
24,584,1030900
24,584,1050999
24,584,1144956
24,584,1209640
24,584,12182
24,584,1328709
24,584,1330672
24,584,147774
24,584,1533767
24,584,1668861
24,584,288961
24,584,305168
24,584,336785
24,584,348773
24,584,399492
24,584,428400
24,584,433766
24,584,492571
24,584,500469
24,584,509575
24,584,515868
24,584,553547
24,584,565714
24,584,605696
24,584,801658
24,584,801931
24,584,866527
24,584,898642
24,584,924607
24,584,997528
24,587,1430746
24,587,1496728
24,587,1585391
24,587,1675237
24,587,1680341
24,587,271332
24,587,288521
24,587,445238
24,587,637656
24,587,727706
24,587,735146
24,587,863955
24,587,864477
24,596,1280086
24,596,371828
24,604,1043476
24,604,1078886
24,604,1189070
24,604,1274257
24,604,1317531
24,604,1378770
24,604,1429975
24,604,1430147
24,604,1485983
24,604,1512814
24,604,195053
24,604,410270
24,604,563006
24,604,594701
24,604,862135
24,606,122967
24,606,1236590
24,606,1281037
24,606,148273
24,606,1561980
24,606,1606567
24,606,1624440
24,606,183890
24,606,20361
24,606,393622
24,606,469922
24,606,800192
24,606,824761
24,606,829550
24,606,8659
24,646,328858
24,66,1074527
24,66,1105081
24,66,1279460
24,66,1338751
24,66,1409795
24,66,157199
24,66,162236
24,66,1642250
24,66,1658906
24,66,1682139
24,66,187733
24,66,311685
24,66,656097
24,66,734362
24,66,763053
24,66,84145
24,66,949427
24,661,1159078
24,661,635750
24,663,1079635
24,665,1367694
24,674,185669
24,674,353576
24,684,433587
24,694,191133
24,715,80615
24,719,385970
24,722,1044494
24,722,1616919
24,722,711455
24,722,805578
24,724,626340
24,724,650781
24,731,874322
24,745,1634551
24,745,939646
24,750,909001
24,756,1115417
24,763,543657
24,765,669454
24,779,408496
24,780,1120301
24,780,1193354
24,780,1371015
24,780,1387595
24,780,1405117
24,780,1419951
24,780,1661394
24,780,485330
24,780,618809
24,780,794727
24,780,977136
24,791,457080
24,801,1621407
24,809,1243690
24,838,1182560
24,838,1672790
24,838,735254
24,838,995631
24,879,139648
24,887,1668818
24,887,704625
24,900,117509
24,900,12521
24,900,130603
24,900,131336
24,900,1326124
24,900,1429203
24,900,1562842
24,900,1626644
24,900,316532
24,900,32034
24,900,367619
24,900,499375
24,900,572158
24,900,680236
24,900,6983
24,900,703198
24,900,738405
24,900,934170
24,900,99265
24,904,556746
24,941,489630
24,949,267766
24,959,961816
24,960,1543967
24,961,246870
24,977,1372659
25,1032,1478961
25,144,1158332
25,144,14144
25,144,592144
25,144,83906
25,17,1419411
25,17,1618146
25,17,581524
25,187,11429
25,187,1366369
25,187,698383
25,187,89652
25,187,925398
25,200,1385547
25,200,1425504
25,200,1473961
25,200,1542308
25,200,1559396
25,200,1653742
25,200,1679768
25,200,254598
25,200,26461
25,200,443053
25,261,877540
25,34,275509
25,34,388096
25,421,1038839
25,460,1216702
25,490,1352919
25,490,564837
25,51,405259
25,51,484897
25,51,750704
25,51,926608
25,574,826526
25,584,1020477
25,584,1052475
25,584,1200435
25,584,1332987
25,584,1529395
25,584,1550817
25,584,167635
25,584,203232
25,584,648629
25,584,777092
25,584,819984
25,584,953763
25,584,972343
25,666,183093
25,666,457164
25,980,1638297
25,980,20411
26,1008,34689
26,1015,195332
26,1055,1422816
26,154,144350
26,158,1344261
26,158,406998
26,158,665169
26,17,1180814
26,17,1240408
26,17,361420
26,192,1213881
26,224,1392782
26,224,377199
26,229,164549
26,229,445717
26,260,1385539
26,3,1098593
26,358,1146347
26,358,184406
26,358,301259
26,401,904129
26,405,495871
26,421,1438895
26,421,1627433
26,421,341954
26,421,452741
26,421,529639
26,421,590059
26,442,1538087
26,447,1531169
26,450,68763
26,51,1216023
26,51,1348983
26,51,395947
26,51,707773
26,51,856728
26,584,247359
26,584,33908
26,584,891073
26,587,1079231
26,587,1148213
26,647,1022954
26,655,438825
26,691,203676
26,768,801580
26,780,1598682
26,780,1665527
26,816,768383
26,836,1217150
26,836,1218335
26,836,916694
26,838,639477
26,879,1596346
26,900,148695
27,1046,919987
27,17,1244096
27,174,1004883
27,174,1088897
27,199,1230909
27,306,1359754
27,306,1452083
27,51,1514954
27,51,1551022
27,51,706843
27,51,887820
27,605,1267991
27,605,1682086
27,614,1301371
27,651,600425
27,745,1251564
27,753,277661
27,828,807671
27,838,99143
27,934,1364578
28,181,681528
28,304,984339
28,358,923281
28,401,61693
28,435,677667
28,435,786421
28,440,505140
28,51,1620168
28,584,257834
28,584,567111
28,657,1376871
28,879,1110081
29,1,668989
29,126,1388063
29,17,1102351
29,17,1163596
29,17,1284708
29,17,1328181
29,17,160403
29,17,566266
29,174,1094455
29,174,254927
29,174,64214
29,224,1181519
29,243,1038154
29,28,1368403
29,345,535923
29,356,135552
29,36,1061728
29,36,1069479
29,36,1209916
29,36,1315595
29,36,1397861
29,36,1465513
29,36,1638955
29,36,272439
29,36,447569
29,40,1454198
29,40,1542889
29,402,404381
29,418,1618404
29,421,280198
29,477,1247193
29,477,1630582
29,478,808582
29,508,1190163
29,508,1400874
29,508,896110
29,524,100436
29,540,1452283
29,540,527352
29,540,632506
29,540,864661
29,584,1039542
29,584,1177573
29,584,1199309
29,584,1253045
29,584,1275221
29,584,1311460
29,584,1329947
29,584,1447277
29,584,1500543
29,584,1552399
29,584,1613376
29,584,1625997
29,584,1665500
29,584,404471
29,584,431793
29,584,667652
29,584,725004
29,584,875560
29,61,241438
29,719,12103
29,747,1448547
29,767,1242787
29,767,36024
29,767,399058
29,767,486331
29,767,625772
29,767,650898
29,767,751592
29,767,88488
29,767,998503
29,78,1048940
29,781,1486846
29,805,1227975
29,805,20090
29,838,1314656
29,838,1394216
29,922,71369
29,988,373707
29,988,402025
3,152,418998
3,152,439010
3,157,1206217
3,17,1475247
3,17,306188
3,17,628102
3,17,891755
3,229,227346
3,229,449540
3,229,784969
3,245,303810
3,307,508269
3,516,514203
3,603,1339235
3,603,315953
3,603,435017
3,850,429822
3,945,1059529
30,1030,1150862
30,1063,631626
30,149,608908
30,200,1179908
30,200,42747
30,200,523464
30,358,124440
30,358,945848
30,450,381486
30,473,60772
30,490,1100510
30,490,840527
30,51,1101015
30,51,231415
30,584,1150740
30,584,248097
30,584,492482
30,584,60336
30,584,671114
30,584,68855
30,606,353391
30,633,695838
30,654,1004235
30,673,662116
30,679,409506
30,714,1630605
30,719,180719
30,719,615829
30,900,198313
30,900,446347
30,900,568782
30,900,597745
30,982,372110
30,982,921355
31,17,1478835
31,17,1521539
31,224,158681
31,32,1248902
31,32,1321726
31,32,618948
31,32,967901
31,51,1043574
31,51,128539
31,51,1662824
31,51,836234
31,561,1419767
31,561,497888
31,564,605682
31,564,854507
31,587,798163
31,594,1158145
31,594,610253
31,604,627116
31,606,1067614
31,619,1631502
31,719,289537
31,838,1294943
31,968,130808
32,1024,1333935
32,168,1044664
32,17,1125394
32,353,1099016
32,444,475709
32,464,617115
32,584,1067108
32,64,1467596
32,780,1205816
32,884,1241373
33,131,909332
33,28,1659972
33,285,1111349
33,345,1298585
33,66,38460
33,984,1630066
34,174,897924
34,209,382259
34,254,1034859
34,254,7346
34,304,202928
34,304,732881
34,354,194340
34,480,558437
34,537,1387379
34,600,559007
34,678,967597
34,686,15877
34,701,94582
34,708,240281
34,71,60761
34,719,1246102
34,719,1536157
34,802,462390
34,902,264552
34,988,414703
35,584,1109897
35,584,116757
35,584,1360583
35,584,81588
36,701,551512
36,708,749073
36,719,397533
37,243,1242535
37,243,1650340
37,243,656807
37,584,1370526
37,584,1475280
37,584,826878
37,922,1129737
37,922,232257
37,922,33967
37,922,87908
37,974,1147443
38,1030,1031177
38,304,1302872
38,331,568868
38,34,678086
38,342,501178
38,401,825667
38,401,968891
38,435,1100166
38,435,1296777
38,51,420874
38,564,1245919
38,584,252725
38,604,770630
38,738,980422
38,879,1160294
38,879,618668
38,900,31662
39,125,1070886
39,153,3834
39,304,158762
39,352,327084
39,678,443256
39,786,555569
4,1023,303545
4,1023,304967
4,131,249201
4,152,111427
4,152,551442
4,154,98850
4,157,1056975
4,180,1605763
4,243,1362457
4,243,205575
4,243,666840
4,245,489834
4,254,1082457
4,287,218693
4,287,823143
4,304,1061283
4,304,657761
4,307,1389800
4,461,304916
4,516,239625
4,54,113597
4,562,1321732
4,584,1094485
4,584,1140369
4,584,1151893
4,584,115227
4,584,1152981
4,584,1530144
4,584,1569544
4,584,1584433
4,584,315208
4,584,45084
4,584,523647
4,584,848169
4,584,852381
4,586,714808
4,587,197790
4,595,292646
4,597,625253
4,603,1266961
4,603,1630490
4,603,603341
4,604,1335804
4,604,686719
4,604,689597
4,604,716990
4,604,874122
4,66,377458
4,715,1239419
4,767,170290
4,82,823575
4,834,590445
4,920,79569
4,922,1081828
4,922,1422080
4,922,1476698
4,922,353939
4,93,1169907
4,93,1369122
4,93,385737
4,93,637589
4,938,782853
4,945,462664
4,974,508350
40,584,324979
40,584,429061
40,692,1514963
40,692,848128
40,859,110054
40,859,1264721
41,10,334451
41,1025,213610
41,116,1671702
41,116,823139
41,154,26216
41,157,121936
41,158,1103736
41,164,595297
41,166,210371
41,17,1114599
41,17,1213361
41,17,1230016
41,17,64524
41,174,723909
41,200,1011947
41,200,1650199
41,225,352142
41,229,1332111
41,229,204421
41,229,274014
41,229,352835
41,229,505978
41,229,534058
41,229,925036
41,229,941053
41,238,1546620
41,239,464085
41,280,1210473
41,289,374514
41,293,654334
41,3,210528
41,318,1476055
41,32,138036
41,32,577542
41,32,870218
41,321,1029393
41,321,114043
41,321,296637
41,33,1006378
41,332,317236
41,332,950490
41,34,1005044
41,340,1270849
41,342,1078623
41,346,363087
41,351,232756
41,358,1366533
41,358,1556909
41,358,422351
41,36,831369
41,364,1322101
41,371,236259
41,377,1286904
41,382,741178
41,387,269158
41,401,1622198
41,401,1649457
41,401,321674
41,401,553939
41,406,1217627
41,407,764993
41,417,215558
41,419,1318267
41,419,1512526
41,428,1040767
41,435,1450190
41,435,74007
41,450,115817
41,450,1183575
41,450,1238095
41,450,1339832
41,450,1552964
41,450,1559774
41,450,246137
41,450,56860
41,450,739363
41,450,88399
41,451,1500138
41,452,41695
41,473,1669358
41,477,12007
41,477,699979
41,479,278024
41,487,665166
41,492,313508
41,51,1145462
41,51,1327339
41,51,1372994
41,51,1375686
41,51,1411796
41,51,1510728
41,51,1540918
41,51,1604239
41,51,1624958
41,51,308419
41,51,78617
41,51,967945
41,517,563780
41,518,231942
41,531,512536
41,531,747998
41,533,1487091
41,533,391832
41,534,860515
41,543,259610
41,545,1060688
41,564,1061825
41,567,1020929
41,569,621956
41,584,1115824
41,584,1125066
41,584,1225884
41,584,1282764
41,584,1586886
41,584,565
41,594,1583339
41,594,315520
41,60,1452796
41,60,270218
41,606,536765
41,613,748518
41,633,478684
41,647,688915
41,66,71414
41,672,1340603
41,673,344023
41,674,463976
41,674,744424
41,675,842477
41,678,483053
41,678,858856
41,679,169482
41,684,840821
41,684,956196
41,687,501299
41,70,1414868
41,71,118862
41,719,397693
41,727,710181
41,738,1070871
41,741,289619
41,742,1182722
41,745,226345
41,762,969879
41,770,1374193
41,780,176051
41,780,401020
41,781,376135
41,781,423276
41,788,65571
41,795,803274
41,808,151317
41,820,1429420
41,822,1230688
41,834,385895
41,838,78188
41,842,1476388
41,87,255480
41,879,1042545
41,879,104778
41,879,1575830
41,879,178737
41,879,286540
41,879,347125
41,879,628639
41,879,654857
41,879,821276
41,896,1673544
41,900,1241487
41,900,1469999
41,900,179819
41,900,234626
41,900,291200
41,900,428510
41,900,444381
41,900,448909
41,900,498586
41,900,522775
41,900,993153
41,915,1658081
41,927,117131
41,928,572702
41,939,1076147
41,946,117735
41,968,1066606
41,968,1511318
41,968,365292
41,97,473918
41,972,1634295
41,988,1364137
41,988,1514264
41,988,267703
41,988,322600
41,988,424559
42,1015,1350762
42,1050,247090
42,106,1491741
42,106,1646939
42,121,540208
42,131,1350836
42,135,47132
42,139,1329699
42,159,1547331
42,159,188006
42,17,1124433
42,17,507025
42,174,1483891
42,174,646778
42,185,1514485
42,185,545750
42,185,778373
42,200,1135004
42,200,1492357
42,200,1503091
42,200,1673906
42,210,49510
42,213,241791
42,224,1179338
42,224,1524775
42,224,682443
42,229,204615
42,229,829561
42,238,58504
42,279,1483685
42,279,223659
42,279,873184
42,286,1226829
42,286,475402
42,3,114036
42,3,1291112
42,3,1422086
42,3,1625115
42,3,265592
42,308,762294
42,311,1580781
42,314,1362962
42,314,33694
42,314,556103
42,314,558705
42,319,576086
42,33,1574537
42,33,251011
42,33,403383
42,34,1172576
42,34,1271177
42,34,1353269
42,34,1505795
42,34,1674829
42,34,301441
42,34,667036
42,34,695146
42,358,768995
42,377,1018944
42,377,1375988
42,377,29347
42,377,352577
42,386,2824
42,392,1264586
42,405,106382
42,405,751332
42,405,87083
42,419,1152201
42,419,1309518
42,42,122957
42,42,147985
42,436,1312801
42,453,1418630
42,455,294692
42,457,1106864
42,457,1299390
42,457,656140
42,457,744265
42,457,882600
42,464,860890
42,498,146836
42,498,1562034
42,498,418734
42,498,663484
42,51,107188
42,51,1234404
42,51,1416782
42,51,1417502
42,51,1450440
42,51,1659555
42,51,1669895
42,51,465669
42,51,473192
42,51,61863
42,51,656993
42,51,804503
42,528,1021023
42,528,1059098
42,529,1012947
42,55,1140188
42,55,254105
42,564,1084553
42,564,1295188
42,564,1302631
42,564,1367221
42,564,927046
42,569,739762
42,57,1383022
42,57,460917
42,57,530166
42,58,1664814
42,584,1116703
42,584,113549
42,584,1151308
42,584,1218377
42,584,1258818
42,584,1323488
42,584,1359037
42,584,1367576
42,584,1427628
42,584,1479191
42,584,1495593
42,584,1856
42,584,262769
42,584,444301
42,584,543226
42,584,581735
42,584,941616
42,584,945293
42,584,972085
42,584,993330
42,587,168271
42,587,428658
42,587,738321
42,604,1151911
42,604,1495905
42,604,681615
42,605,79866
42,606,1306719
42,606,1406955
42,606,1417682
42,606,1433838
42,606,524592
42,606,874208
42,625,311582
42,66,11808
42,66,1287640
42,66,132958
42,66,1412109
42,66,1528460
42,66,27191
42,66,347585
42,66,422933
42,66,449190
42,66,461429
42,66,527243
42,66,543265
42,66,676969
42,66,709406
42,66,713821
42,66,84107
42,66,855288
42,66,98422
42,661,290773
42,674,598219
42,674,951163
42,675,1035720
42,675,1084234
42,684,249643
42,688,760620
42,69,1029632
42,69,1235916
42,69,1506789
42,69,1646824
42,69,908337
42,713,880020
42,719,1453964
42,719,332270
42,719,773899
42,719,777617
42,745,1336524
42,778,1082781
42,778,416751
42,778,811901
42,79,1596369
42,83,113135
42,834,1520691
42,852,1550242
42,854,756345
42,879,1640709
42,879,338681
42,879,460762
42,879,475822
42,879,785876
42,879,812799
42,899,1400363
42,900,107252
42,900,1077260
42,900,1123467
42,900,1194959
42,900,1355354
42,900,1454968
42,900,1474741
42,900,1544531
42,900,250060
42,900,498087
42,900,615147
42,900,664875
42,900,818643
42,923,196937
42,926,1574304
42,952,1103307
42,968,861210
42,970,1571531
42,988,1553592
42,988,433205
42,988,50421
42,988,708280
42,988,845278
43,1037,1052238
43,131,1464342
43,199,655740
43,289,558771
43,461,1594616
43,461,1640191
43,56,793785
43,584,1064007
43,584,1538379
43,584,1621223
43,584,512655
43,584,602173
43,584,884226
43,950,678320
44,270,489027
44,270,635810
44,584,1366173
44,584,139747
44,584,157591
44,584,512851
44,767,1187580
44,767,936260
44,793,566060
44,793,860736
45,229,1209404
46,200,1090452
46,205,442519
46,294,287406
46,336,438288
46,51,115756
46,51,789966
46,542,1136471
46,554,153597
46,584,186375
46,584,796186
46,604,1586756
46,66,756889
46,777,781093
46,838,84124
46,889,136342
46,942,1104111
47,568,22547
47,568,332360
47,66,1100323
47,66,148879
47,838,572487
47,838,968525
48,1054,771621
48,270,989546
48,347,1493220
48,404,326595
48,435,1087867
48,435,1311641
48,435,1409140
48,435,219023
48,435,488516
48,435,822737
48,448,374284
48,549,1635135
48,549,192771
48,584,1270150
48,584,560210
48,600,1317802
48,600,1561375
48,600,1573244
48,600,1591707
48,600,346886
48,600,382614
48,701,599449
48,708,215625
48,719,1582399
48,76,1174669
48,76,128902
48,76,172807
48,76,277997
48,76,756238
48,76,765641
48,793,963417
48,796,955744
48,968,771699
48,998,772187
49,17,1166141
49,17,1266591
49,17,1636360
49,17,28855
49,17,706781
49,17,8758
49,838,1057320
49,838,1662827
49,838,224718
49,838,733563
49,838,885371
5,17,644730
5,327,473216
5,584,823543
5,630,655582
50,1057,14724
50,1057,1539728
50,1057,1598438
50,1057,1655994
50,1057,395758
50,1057,929841
50,133,1574216
50,154,1447275
50,174,1398969
50,269,1594695
50,27,1632537
50,458,918688
50,47,591364
50,514,1137704
50,624,356885
50,66,1103678
50,66,1128175
50,66,1353391
50,66,1431592
50,66,1500782
50,66,1600181
50,66,244368
50,66,322157
50,66,421985
50,66,482538
50,66,668232
50,66,672796
50,66,819605
50,66,87614
50,66,984679
50,780,1310285
50,780,1480439
50,780,242061
50,780,451414
50,780,48164
50,780,685343
50,838,1077891
50,838,34874
50,838,641901
50,838,829955
50,916,1670339
50,916,348456
50,916,512983
50,916,743612
50,916,810347
50,949,548766
50,962,1168019
50,962,1319897
50,962,1355250
50,962,1431722
50,962,1642047
50,962,241652
50,962,327262
50,962,823187
50,969,136434
50,969,452141
50,969,49576
50,969,721829
51,152,254501
51,152,450403
51,157,386843
51,17,1347373
51,17,547124
51,17,681178
51,17,700308
51,229,1019727
51,229,548413
51,245,68471
51,307,1386476
51,516,958101
51,603,13432
51,603,1359132
51,603,156878
51,604,1088622
51,604,698653
51,834,1593605
51,838,1016134
51,838,1610191
51,945,383986
52,1001,1386825
52,1012,1245182
52,1014,210802
52,1014,430818
52,1021,1654322
52,1044,256556
52,120,373453
52,17,1189474
52,17,125757
52,17,169954
52,17,717871
52,17,868970
52,174,380359
52,177,1061486
52,177,950321
52,190,1331305
52,190,96333
52,246,1583466
52,246,991492
52,288,881032
52,306,973698
52,314,18307
52,314,783193
52,342,682608
52,343,863780
52,344,85482
52,419,1189186
52,419,275147
52,419,927746
52,435,533054
52,479,665068
52,518,1114840
52,519,289930
52,521,78490
52,526,1525862
52,526,737757
52,540,1020900
52,540,1103870
52,540,1625094
52,566,1094631
52,57,1253502
52,584,1367723
52,584,778700
52,587,1337658
52,587,292966
52,587,347224
52,587,501537
52,587,689244
52,587,85997
52,587,917228
52,591,919049
52,605,117612
52,605,1458091
52,605,1539578
52,605,1679447
52,605,223862
52,605,297798
52,605,351358
52,605,691631
52,606,1459660
52,606,1636570
52,606,796296
52,615,836520
52,645,1603884
52,645,528402
52,704,850933
52,74,421818
52,74,499478
52,785,1215539
52,802,1219125
52,81,128444
52,81,716412
52,81,934513
52,818,256694
52,818,406283
52,837,1006688
52,837,1082137
52,838,1100110
52,838,801707
52,843,1319652
52,843,910833
52,878,1394666
52,878,1464924
52,878,1606266
52,878,35212
52,878,387852
52,878,604899
52,88,175997
52,88,252205
52,88,538434
52,89,1488737
52,89,305065
52,9,718792
52,900,1425391
52,900,423553
52,900,428451
52,900,552300
52,900,624410
52,900,748007
52,903,1274922
52,917,568612
52,953,1102264
52,980,789523
52,980,969986
52,985,1336577
52,985,469714
52,988,115542
52,988,1173476
52,988,1257769
52,988,1265387
52,988,1369060
52,988,201888
52,988,45848
52,988,854092
52,988,909695
52,988,924019
53,154,122370
53,154,1570153
53,158,321822
53,158,612529
53,158,678264
53,17,372206
53,17,382944
53,174,654077
53,185,599489
53,224,1207712
53,224,1459455
53,229,1120084
53,279,757372
53,28,1252609
53,286,144729
53,3,397480
53,314,348606
53,316,301388
53,32,186475
53,34,1496617
53,34,347496
53,34,651332
53,405,838099
53,419,981961
53,427,1029631
53,457,368324
53,46,1431145
53,464,906104
53,477,1412924
53,477,626652
53,51,1526260
53,584,1448864
53,584,612139
53,587,1028668
53,587,1634290
53,587,800059
53,59,1235902
53,606,1252011
53,606,1297940
53,606,1420792
53,606,628065
53,637,1611564
53,646,361484
53,66,1065856
53,66,951550
53,678,1674369
53,68,872713
53,791,528473
53,838,21592
53,988,697149
54,105,1558661
54,105,958579
54,1056,1402690
54,1057,1185342
54,1061,1668775
54,158,1190702
54,17,1082813
54,17,574909
54,17,662925
54,17,922714
54,17,942036
54,171,403179
54,174,1661915
54,174,496153
54,174,839030
54,174,909196
54,174,986943
54,185,1288372
54,220,1020274
54,220,1084499
54,220,413680
54,220,953115
54,224,1363714
54,224,1558076
54,224,1562311
54,224,176074
54,224,513397
54,224,547844
54,224,82107
54,229,405257
54,229,494231
54,229,617857
54,267,469464
54,272,261557
54,279,949054
54,279,995553
54,286,400415
54,286,474622
54,286,957165
54,314,1444078
54,314,1641756
54,314,755261
54,41,439785
54,41,791645
54,419,285654
54,419,617238
54,42,1017604
54,42,1324302
54,42,1340037
54,42,1362292
54,42,1441739
54,42,1475046
54,42,1482231
54,42,151620
54,42,1545310
54,42,272597
54,42,303348
54,42,327538
54,42,391056
54,42,542463
54,42,559854
54,42,591258
54,42,614709
54,42,724998
54,42,755923
54,42,802961
54,42,829064
54,42,959378
54,42,978611
54,468,1160446
54,493,474337
54,554,1028607
54,554,137464
54,554,1433323
54,554,146059
54,554,150551
54,554,169850
54,554,176502
54,554,221069
54,554,259728
54,554,298042
54,554,316617
54,554,356725
54,554,432394
54,554,452155
54,554,529792
54,554,553074
54,554,617707
54,554,638232
54,554,771314
54,554,828642
54,554,860879
54,557,1371191
54,580,511322
54,583,1173237
54,584,1039456
54,584,1088068
54,584,1090457
54,584,1097805
54,584,1196308
54,584,1245284
54,584,1253328
54,584,135694
54,584,1400298
54,584,156543
54,584,1620163
54,584,242451
54,584,492853
54,584,497250
54,584,512235
54,584,519512
54,584,607085
54,584,655675
54,584,66494
54,584,845496
54,584,850856
54,584,860985
54,584,86232
54,584,874577
54,584,893447
54,584,969528
54,584,990917
54,604,60651
54,606,1083296
54,606,1249847
54,606,1411510
54,649,556374
54,652,1613920
54,652,66779
54,66,142553
54,66,1501315
54,66,484958
54,66,498528
54,66,583493
54,66,910462
54,660,809449
54,684,1008113
54,700,926917
54,719,1120810
54,719,240256
54,719,957474
54,752,701873
54,769,1060065
54,769,1223035
54,769,1231019
54,769,1502443
54,769,1515063
54,769,1515915
54,769,475001
54,769,566808
54,769,694217
54,769,729184
54,769,916808
54,769,936573
54,778,194671
54,83,1042703
54,838,1088084
54,838,680132
54,879,874313
54,888,1665565
54,895,1133
54,929,1157440
54,936,1424829
54,944,1228408
54,944,1677480
54,957,1639459
54,995,869584
55,1032,812600
55,17,960696
55,237,1542847
55,359,1271507
55,410,189595
55,51,1265737
55,51,1411466
55,51,1469877
55,51,1658917
55,51,289377
55,535,561443
55,584,1213747
55,584,1317542
55,584,1518006
55,584,163990
55,584,240688
55,584,267772
55,584,305819
55,584,431442
55,584,608365
55,584,655534
55,584,753975
55,584,979817
55,767,118279
55,767,957392
55,777,1295667
55,838,528975
55,948,396981
55,980,1244922
55,988,347230
56,1027,14267
56,1045,825277
56,108,790115
56,128,1116760
56,13,358491
56,17,1098647
56,17,1145068
56,17,1215205
56,17,349753
56,185,104382
56,198,1538183
56,200,1256584
56,200,1474738
56,200,263329
56,224,1058483
56,224,1071291
56,224,1229660
56,224,1317366
56,224,926154
56,229,729719
56,25,1375792
56,25,68289
56,3,723733
56,3,873120
56,304,793489
56,305,1066433
56,305,761860
56,314,251028
56,32,1255699
56,32,244286
56,34,123729
56,34,1286067
56,34,1486563
56,34,950202
56,358,1632931
56,377,1461936
56,377,636446
56,401,1189764
56,401,1215662
56,401,1465235
56,401,588839
56,405,1443308
56,477,585111
56,51,1124184
56,51,1403440
56,561,383677
56,564,339452
56,564,599116
56,564,936609
56,569,116066
56,58,170838
56,584,1072944
56,584,1107867
56,584,1266767
56,584,1546123
56,584,1635909
56,587,1090756
56,587,115261
56,587,1214552
56,587,1284516
56,587,1576072
56,587,524110
56,603,108300
56,603,1570379
56,603,610526
56,604,101362
56,604,667881
56,604,904620
56,606,1218568
56,606,1323053
56,606,782604
56,619,174277
56,638,32687
56,66,1190403
56,66,1669069
56,664,1124957
56,673,1186048
56,673,398472
56,679,74466
56,684,1665811
56,719,1297131
56,719,237891
56,719,734143
56,831,1133811
56,838,1554321
56,838,676507
56,838,854191
56,879,1309459
56,879,195198
56,879,417336
56,900,1670820
56,900,586374
56,900,737546
56,900,87608
56,900,907042
56,900,995633
56,923,644777
56,935,1414898
56,968,145270
56,968,1581894
56,999,1538175
57,111,619428
57,125,205908
57,270,3760
57,317,1260319
57,584,1322122
57,584,1540463
57,584,1559203
57,584,1652231
57,584,563750
57,584,682279
57,584,739626
57,584,831962
57,75,1603720
57,767,1116641
57,767,531919
57,767,53781
57,767,784886
57,767,897844
57,793,287623
57,807,773146
57,826,418818
57,838,351721
58,1019,1110235
58,1020,443661
58,17,1069683
58,185,1254513
58,185,1465770
58,185,147396
58,230,1032241
58,25,969481
58,282,1026619
58,302,270295
58,320,1635645
58,375,93436
58,389,1040523
58,420,159175
58,526,1374065
58,57,1632839
58,577,1173714
58,584,1124169
58,604,1457063
58,606,1383883
58,619,1013646
58,619,1316019
58,621,16622
58,646,1133856
58,678,1246513
58,706,1134984
58,781,1405777
58,832,373931
58,863,165044
58,898,1354755
58,900,660410
58,988,1025951
59,26,1332256
59,33,1180105
59,34,1227087
59,34,508650
59,414,1079450
59,414,1088608
59,421,881561
59,464,724191
59,51,1107223
59,51,1187515
59,51,1392806
59,51,1645575
59,51,547884
59,51,630993
59,51,699592
59,51,92921
59,51,93959
59,523,790124
59,554,222341
59,554,847784
59,559,1236467
59,559,575982
59,584,107698
59,584,158728
59,584,420918
59,584,422030
59,584,463652
59,584,582962
59,584,60025
59,584,612787
59,584,668057
59,584,764098
59,584,855675
59,584,946539
59,692,1319891
59,692,495936
59,692,511546
59,692,809384
59,692,831125
59,692,852522
59,692,918759
59,693,1051193
59,693,1539359
59,693,1621328
59,693,372058
59,745,972552
59,777,1253030
59,777,401741
59,777,870749
59,841,1287265
59,859,466482
59,931,1146228
6,1031,1101319
6,1031,1240470
6,1031,1251376
6,1031,1306324
6,1031,1600365
6,1031,160442
6,1031,249540
6,1031,711588
6,1031,962760
6,1052,479010
6,134,1124611
6,134,1182046
6,17,1085688
6,17,1157118
6,17,1394642
6,17,313115
6,17,412201
6,17,508324
6,17,634521
6,17,798377
6,17,86464
6,174,1037623
6,174,1064442
6,188,1599817
6,381,1324455
6,381,920732
6,419,137134
6,419,373939
6,51,1183061
6,51,1211148
6,540,1223234
6,540,1338009
6,540,727210
6,556,259579
6,584,1031333
6,584,1118663
6,584,1187841
6,584,1366425
6,584,1565942
6,584,239324
6,584,280596
6,584,535307
6,584,650356
6,584,725938
6,584,82923
6,584,850480
6,584,96142
6,600,1196856
6,600,1219351
6,600,1567437
6,600,1677181
6,600,177783
6,600,243631
6,600,425127
6,605,1111400
6,605,11439
6,605,1145595
6,605,1169831
6,605,1193869
6,605,1200152
6,605,1223347
6,605,1236890
6,605,1491806
6,605,1570878
6,605,237646
6,605,260387
6,605,265263
6,605,347360
6,605,370344
6,605,516001
6,605,60554
6,605,65625
6,605,695858
6,605,725710
6,605,738576
6,605,793483
6,605,817086
6,61,1320162
6,61,1444967
6,641,1113270
6,702,462134
6,73,1676637
6,740,1315783
6,758,1169309
6,758,1453069
6,767,565053
6,838,1571284
6,838,509069
6,843,1013654
6,843,1041821
6,843,1092991
6,843,1242002
6,843,1650879
6,843,460277
6,843,514329
6,843,633782
6,843,72749
6,843,79
6,843,937347
6,917,502037
6,953,693753
6,988,100647
6,988,103912
6,988,1053552
6,988,1085152
6,988,1106609
6,988,1150563
6,988,1165195
6,988,1177080
6,988,1212898
6,988,1214834
6,988,1258133
6,988,1287136
6,988,1315550
6,988,1338767
6,988,1453975
6,988,1495653
6,988,153714
6,988,1542023
6,988,169439
6,988,433486
6,988,475705
6,988,561565
6,988,58711
6,988,670206
6,988,727604
6,988,755981
6,988,824507
6,988,84721
6,988,986999
60,154,948273
60,158,170044
60,285,908922
60,302,1591862
60,302,372959
60,402,1114056
60,407,934768
60,51,1335478
60,51,1613257
60,604,639172
60,721,1154040
60,767,1038705
60,767,1130698
60,767,1339682
60,767,1682048
60,767,241930
60,767,381121
60,767,408052
60,767,528953
60,767,693297
60,767,707018
60,767,840266
60,777,1599016
60,849,46695
60,865,972320
60,871,1324663
60,913,1502385
61,1039,465780
61,104,1447883
61,120,493816
61,120,566756
61,120,80865
61,124,1667169
61,13,749067
61,154,1395213
61,174,507297
61,194,478510
61,342,1115941
61,402,1213791
61,435,1223231
61,435,148455
61,435,317802
61,435,441365
61,435,486478
61,435,840538
61,470,1068594
61,549,1513406
61,549,86170
61,571,1148869
61,584,1195039
61,600,143168
61,606,766408
61,606,936223
61,608,932577
61,685,397379
61,718,1556357
61,838,498942
61,900,1065782
61,900,1177088
61,900,1683964
61,900,183962
61,900,200077
61,900,274158
61,900,323341
61,900,348417
61,900,493905
61,900,595823
61,900,635616
61,900,648961
61,921,1153082
61,921,1222621
61,921,1622521
61,921,433759
61,921,715883
61,921,971148
61,998,743368
62,1034,438056
62,17,1253675
62,17,1580809
62,391,684766
62,419,235327
62,481,1215902
62,494,113655
62,494,1440378
62,584,1020547
62,584,1064003
62,584,1074672
62,584,1082222
62,584,1124822
62,584,1197262
62,584,1372841
62,584,1467341
62,584,1530782
62,584,157999
62,584,1656868
62,584,27438
62,584,670495
62,584,680960
62,584,880515
62,584,899540
62,589,1397180
62,589,1510075
62,604,229539
62,604,758706
62,744,1409791
62,744,1455848
62,767,1008754
62,767,1316216
62,767,192687
62,767,192826
62,767,287993
62,767,494190
62,767,631453
62,767,767364
62,767,837255
62,790,554649
62,812,580379
62,879,145300
62,933,1272578
62,933,900553
62,937,1008749
63,112,1020036
63,185,1140083
63,229,1666638
63,304,1062346
63,321,1188777
63,421,1501749
63,510,1080175
63,560,96282
63,57,1186644
63,584,827033
63,759,1123605
63,767,167939
63,784,505820
63,988,1045300
63,988,1498944
64,1045,728943
64,35,107767
64,42,566401
64,450,1346207
64,51,657106
64,898,951247
65,1060,1061256
65,131,890731
65,169,594499
65,172,936135
65,175,1507688
65,185,1151201
65,229,260256
65,234,649424
65,289,1679761
65,32,1477113
65,321,332684
65,324,1220947
65,336,1023658
65,358,1264392
65,358,1434993
65,358,504071
65,379,634972
65,432,363487
65,444,808844
65,444,842019
65,447,823111
65,451,181679
65,451,625787
65,454,329104
65,454,798922
65,459,1040817
65,467,1419185
65,51,1145206
65,51,116197
65,51,1228949
65,51,249009
65,51,581100
65,51,642670
65,51,682926
65,51,997200
65,51,999639
65,526,1612037
65,577,1217878
65,584,1095275
65,584,1148190
65,584,1585594
65,584,1589233
65,584,1602313
65,584,1617668
65,584,166148
65,584,249377
65,584,279722
65,584,336613
65,584,653985
65,584,809488
65,584,863161
65,584,899104
65,587,1556892
65,587,307990
65,593,165494
65,604,673305
65,605,320465
65,605,856425
65,606,106118
65,606,1250896
65,610,948274
65,637,641837
65,688,1517848
65,697,122095
65,713,1327706
65,755,45141
65,755,923271
65,767,1569825
65,77,659565
65,777,1113889
65,780,213863
65,780,276929
65,780,857710
65,780,862385
65,780,932071
65,8,194069
65,806,1674964
65,879,69415
65,879,710693
65,882,304289
65,893,562680
65,897,120155
65,900,780917
65,922,197377
65,930,1547935
65,930,647783
65,956,1460161
65,961,44165
65,988,456900
65,988,572896
65,988,726850
65,988,873516
65,990,1494407
66,13,857017
66,169,391022
66,22,1086849
66,314,606533
66,321,436513
66,333,1223660
66,419,1482757
66,419,498500
66,518,34576
66,609,514153
66,714,105344
66,732,733958
66,734,530818
66,838,1669510
66,838,367265
66,838,548279
66,900,1025026
67,100,1023360
67,100,1239701
67,100,253381
67,1051,201826
67,1061,301607
67,1064,614083
67,117,1625679
67,16,966610
67,162,392213
67,165,944705
67,17,1640699
67,170,314507
67,174,1473819
67,174,376690
67,185,117249
67,185,260897
67,185,304343
67,185,528997
67,185,625140
67,185,730354
67,185,850804
67,185,872442
67,198,303101
67,200,1364221
67,216,1490446
67,229,1374374
67,229,145865
67,235,1301222
67,248,302782
67,248,427916
67,255,1201226
67,264,1445877
67,286,1142877
67,286,309827
67,286,767777
67,286,880550
67,3,1189871
67,314,860409
67,333,658884
67,34,1071613
67,34,180795
67,34,459090
67,389,323581
67,389,822012
67,415,1330177
67,433,29353
67,438,1366464
67,457,1091791
67,457,150052
67,457,499645
67,457,895902
67,464,1515318
67,477,1019234
67,477,1649644
67,477,628406
67,477,831580
67,501,697614
67,51,1433381
67,51,262943
67,51,418085
67,51,820354
67,520,1432836
67,539,1022753
67,545,1041651
67,545,1274761
67,545,1623264
67,554,539838
67,554,820397
67,554,861492
67,554,903284
67,554,908574
67,563,1186395
67,563,131901
67,57,1184030
67,57,529351
67,57,58686
67,584,1002848
67,584,1007629
67,584,114797
67,584,1276972
67,584,1287175
67,584,1322189
67,584,631795
67,584,706908
67,584,862469
67,604,1567655
67,604,349825
67,604,813747
67,606,1329045
67,606,49605
67,63,1351512
67,63,23081
67,63,310393
67,653,1150181
67,66,138645
67,66,1462121
67,66,250784
67,66,47408
67,707,455261
67,735,15958
67,774,1076670
67,774,1360048
67,775,1512930
67,778,154305
67,780,105805
67,792,1376174
67,821,625497
67,830,1250296
67,834,107249
67,834,698989
67,838,10252
67,838,656188
67,838,831740
67,870,276417
67,874,630781
67,879,139851
67,879,24769
67,901,1667255
67,901,900702
67,92,1581506
67,922,196119
67,922,200374
67,922,210113
67,922,417479
67,922,625279
67,922,915205
67,988,1060700
67,988,1140883
67,997,835091
68,1003,348009
68,1004,1584610
68,1004,1601515
68,1004,57297
68,1029,1259761
68,1035,63901
68,1050,919813
68,106,1194786
68,113,1271410
68,114,1129635
68,131,1094534
68,154,84592
68,17,1181705
68,17,1408339
68,17,1482790
68,17,341011
68,17,492485
68,174,1536966
68,174,1593229
68,174,1629978
68,174,212846
68,174,32666
68,174,330865
68,174,407908
68,174,932241
68,187,263527
68,200,1106419
68,200,1182011
68,200,1318771
68,200,1558031
68,200,322034
68,200,420592
68,203,699236
68,224,146981
68,25,1498033
68,252,1284995
68,271,673876
68,286,1189875
68,286,365263
68,286,370644
68,286,981670
68,289,450891
68,296,260313
68,3,1096785
68,304,1094560
68,32,1621654
68,32,879438
68,337,1109892
68,337,1568969
68,337,977525
68,34,1045877
68,34,1100149
68,34,1138120
68,34,133475
68,34,275923
68,358,1436952
68,358,1522762
68,358,1597111
68,361,142040
68,377,590808
68,395,326635
68,395,989901
68,401,1080131
68,401,280206
68,419,1331686
68,419,413536
68,42,1446971
68,477,1086268
68,477,1149445
68,477,1328465
68,477,166192
68,477,211428
68,477,221993
68,477,37160
68,477,945627
68,498,43522
68,498,452006
68,498,660232
68,498,899602
68,51,1315065
68,51,544281
68,51,774764
68,51,780116
68,526,333659
68,528,1094188
68,564,730152
68,57,262718
68,57,972829
68,576,1006971
68,582,1594717
68,584,1265275
68,584,1399090
68,584,1420596
68,584,160534
68,584,164066
68,584,1672373
68,584,261130
68,584,39684
68,584,406524
68,584,452164
68,584,605009
68,584,659838
68,584,750859
68,584,885197
68,584,937811
68,587,578190
68,601,505923
68,603,364366
68,603,703225
68,604,148156
68,605,1207572
68,605,1343410
68,605,1413870
68,605,744093
68,605,788827
68,605,803492
68,605,822217
68,605,901912
68,606,1191826
68,606,1483230
68,606,82894
68,610,720428
68,625,298647
68,625,723571
68,66,1298037
68,66,1631955
68,66,1652300
68,66,465741
68,66,466957
68,66,657739
68,661,1425264
68,661,814449
68,668,99516
68,674,232403
68,680,990436
68,684,1048718
68,703,120100
68,714,1661352
68,737,1608781
68,737,181555
68,737,576284
68,780,1182884
68,780,1233348
68,780,1417916
68,780,1420045
68,780,1440429
68,780,1452192
68,780,1667519
68,780,405311
68,780,58295
68,780,614856
68,780,706491
68,780,712990
68,780,906396
68,780,939411
68,780,982633
68,797,552650
68,8,322904
68,805,620349
68,825,1030854
68,838,689967
68,838,738416
68,877,268486
68,879,376195
68,879,676230
68,897,1557129
68,897,429104
68,900,260447
68,900,41018
68,900,424468
68,923,687021
68,961,1628869
68,979,1236458
68,988,1151184
68,988,1332361
68,988,1335437
68,988,1554942
68,988,491585
68,988,679155
68,988,804958
68,988,948053
68,988,975963
69,1031,735597
69,485,1444148
69,584,1437658
69,584,162955
69,584,24298
69,584,305136
69,584,392849
69,584,896491
69,605,751209
69,767,1309084
69,767,188901
69,767,842534
69,767,953546
69,881,687538
69,988,1321816
69,988,726510
7,17,1121842
7,17,140202
7,17,1486617
7,17,1573812
7,17,425074
7,17,669821
7,838,1037338
7,838,263939
7,838,433579
7,838,525788
7,838,823078
70,1032,1345329
70,1045,1591835
70,1059,1094741
70,1061,478754
70,1061,640127
70,112,953859
70,154,856299
70,155,1653547
70,157,1583390
70,158,553358
70,17,1050122
70,17,120334
70,17,1250645
70,17,1450775
70,17,422358
70,17,625345
70,17,641100
70,17,646739
70,17,813876
70,174,1352397
70,174,1555118
70,200,92390
70,220,1091103
70,279,1233549
70,279,1424321
70,279,917253
70,28,165678
70,28,287768
70,28,51222
70,3,1336078
70,3,1478268
70,314,1339986
70,314,1370125
70,314,1475387
70,326,118756
70,332,1464361
70,34,1546241
70,34,1635259
70,34,294502
70,34,508867
70,34,511187
70,34,541328
70,34,589105
70,341,1063903
70,377,1487801
70,384,1266521
70,384,319714
70,384,41493
70,407,1396949
70,419,1046414
70,419,1103124
70,419,1585240
70,419,285398
70,419,547841
70,419,559772
70,421,704380
70,437,1000845
70,446,1271473
70,457,272396
70,464,107779
70,464,592944
70,464,627610
70,477,1177189
70,477,503758
70,486,487914
70,497,953532
70,502,1188218
70,51,1122353
70,51,1136357
70,51,1189118
70,51,1252460
70,51,1297005
70,51,1328197
70,51,1329661
70,51,1358700
70,51,1369088
70,51,1372871
70,51,1499902
70,51,1518272
70,51,1608211
70,51,1617557
70,51,1655647
70,51,29133
70,51,298078
70,51,329187
70,51,379147
70,51,433994
70,51,496177
70,51,593580
70,51,669753
70,51,839534
70,51,917095
70,523,488362
70,554,639025
70,57,1486754
70,584,1163648
70,584,1322416
70,584,1326252
70,584,1342764
70,584,1371747
70,584,1413115
70,584,1434203
70,584,1507054
70,584,1546362
70,584,1568858
70,584,1663642
70,584,1668672
70,584,1668680
70,584,210271
70,584,212300
70,584,236206
70,584,273923
70,584,299374
70,584,365954
70,584,375468
70,584,448693
70,584,455332
70,584,492256
70,584,58578
70,584,586554
70,584,63356
70,584,644013
70,584,728050
70,584,964026
70,584,965320
70,592,872859
70,604,1497584
70,604,207077
70,604,855109
70,604,935479
70,606,1556015
70,633,145141
70,646,1196953
70,646,784610
70,66,288706
70,66,381052
70,66,403082
70,66,41542
70,66,595830
70,66,657506
70,676,629464
70,678,1088854
70,684,1670581
70,684,1680491
70,684,455948
70,684,581560
70,688,1052335
70,688,569602
70,692,1152940
70,692,1175114
70,692,127945
70,692,1316360
70,692,1486664
70,692,1490174
70,692,1583177
70,692,1656124
70,692,168028
70,692,1682075
70,692,200124
70,692,203999
70,692,275423
70,692,371467
70,692,568001
70,692,602491
70,692,642281
70,692,647391
70,692,649136
70,692,697206
70,692,809909
70,692,828707
70,692,856204
70,692,94804
70,692,949057
70,692,967491
70,693,1042072
70,693,1150916
70,693,1284026
70,693,1664502
70,693,21228
70,693,308566
70,693,326626
70,693,441680
70,693,534291
70,693,625390
70,693,643908
70,693,647102
70,693,673433
70,693,776570
70,693,785372
70,693,875208
70,693,934319
70,693,986994
70,693,993828
70,713,1222218
70,713,272321
70,729,906589
70,745,1526224
70,746,445818
70,777,918160
70,781,1300383
70,781,162946
70,781,189085
70,782,1503118
70,791,383687
70,794,1013345
70,799,833343
70,827,186990
70,834,1607916
70,834,488268
70,838,1321766
70,838,1464455
70,838,518084
70,838,566953
70,838,697645
70,838,927025
70,859,1475235
70,859,1635784
70,859,464218
70,859,853099
70,876,1511278
70,90,519830
70,907,1327508
70,919,621026
71,1027,1032441
71,1027,1034047
71,1027,1281051
71,1027,1465149
71,1027,327734
71,1027,466833
71,1027,625008
71,1027,867120
71,1047,1090718
71,1061,406509
71,130,878133
71,154,228693
71,158,1445954
71,158,812115
71,17,210930
71,17,898497
71,187,847966
71,189,1131383
71,196,1376528
71,200,1034046
71,200,1267889
71,200,142253
71,200,1484440
71,200,997254
71,233,1644800
71,279,293643
71,3,1570052
71,3,561134
71,314,8480
71,32,1455722
71,32,695544
71,34,1199167
71,34,1473311
71,34,1508894
71,34,828512
71,34,934696
71,358,1024764
71,358,1146557
71,358,1200173
71,358,183497
71,358,284774
71,358,402321
71,358,451050
71,358,56292
71,358,66314
71,359,1013334
71,39,1476943
71,39,861389
71,401,633041
71,401,641847
71,405,393293
71,419,358546
71,451,1108772
71,451,1398416
71,451,385131
71,451,517328
71,451,812991
71,451,813185
71,457,1286153
71,464,267268
71,498,1008779
71,498,1272192
71,51,115653
71,51,1197250
71,51,1319273
71,51,132128
71,51,145266
71,51,198076
71,51,200762
71,51,269070
71,51,497582
71,51,5449
71,51,736249
71,51,847720
71,51,882880
71,525,1350491
71,561,111426
71,564,1244486
71,579,659243
71,584,107081
71,584,1257112
71,584,1267063
71,584,1318979
71,584,1528072
71,584,1555049
71,584,1574317
71,584,1668091
71,584,1668757
71,584,429059
71,584,456380
71,584,487276
71,584,538663
71,584,576470
71,584,589669
71,584,64012
71,584,643809
71,584,81008
71,602,400903
71,604,1398911
71,606,1079736
71,617,1108594
71,619,696298
71,625,954724
71,654,169192
71,659,918435
71,66,1276705
71,714,869874
71,719,312079
71,777,1268790
71,780,88460
71,791,1074600
71,834,664968
71,835,378785
71,838,1662417
71,853,434618
71,869,56874
71,879,1657067
71,900,1018021
71,900,1069648
71,900,1388830
71,900,1522354
71,900,295145
71,900,3225
71,900,388923
71,900,472323
71,900,677344
71,900,875913
71,900,942656
71,923,1064329
71,923,1399561
71,923,1415537
71,923,1423554
71,923,1483359
71,923,1636602
71,923,65358
71,923,72276
71,923,900284
71,923,912980
71,925,121550
71,968,419649
71,988,1068238
71,999,583595
71,999,701658
71,999,977479
72,140,179984
72,140,821219
72,140,899591
72,141,909530
72,154,1161007
72,154,1342120
72,154,142137
72,154,1616874
72,154,400696
72,158,1210309
72,158,155781
72,158,243642
72,158,638041
72,158,781324
72,17,105089
72,17,1091856
72,17,1490811
72,17,562406
72,17,625471
72,17,69625
72,17,903711
72,174,876072
72,178,1382097
72,200,1315471
72,279,1062522
72,279,1169903
72,279,207111
72,279,324104
72,279,789688
72,322,375442
72,326,1168628
72,34,1203907
72,34,1221220
72,34,1315751
72,34,1556254
72,34,230093
72,34,701584
72,383,1566213
72,423,12605
72,423,1463643
72,423,752397
72,477,1604024
72,492,235074
72,51,1001158
72,51,1375001
72,51,1606368
72,51,1641999
72,51,296970
72,518,1080617
72,518,1114532
72,518,156751
72,518,69753
72,518,744003
72,555,1392202
72,584,639298
72,648,1076396
72,648,1542369
72,66,1044695
72,680,1131524
72,680,1216824
72,680,1564111
72,680,394172
72,680,622830
72,680,750625
72,696,1055652
72,696,1591277
72,696,95043
72,719,594536
72,745,410840
72,780,1135651
72,838,1295543
72,838,1480472
72,838,1538222
72,838,245033
72,838,826717
72,838,923187
72,860,1019443
72,860,753023
72,900,1236620
72,900,177612
72,900,733433
72,973,1425745
72,988,119310
72,988,1221032
72,988,1465374
72,988,306924
72,988,847240
72,989,1249800
73,1032,717642
73,1054,545397
73,1061,213672
73,126,894609
73,127,868668
73,150,1663292
73,158,1218014
73,17,1360530
73,17,1592037
73,17,1678369
73,17,385024
73,17,839407
73,17,965152
73,198,1099441
73,220,464922
73,223,1053445
73,223,1252239
73,223,125973
73,223,1489396
73,223,1539361
73,223,200367
73,223,34630
73,223,698202
73,224,1110758
73,226,172778
73,286,1111257
73,286,1335111
73,297,1616263
73,302,1680998
73,314,1042117
73,314,1629736
73,34,623391
73,358,444566
73,401,1635469
73,41,1447902
73,419,487623
73,42,121545
73,42,1317618
73,42,60210
73,42,756306
73,45,149365
73,451,1010525
73,457,1569126
73,457,637505
73,464,1089011
73,464,823704
73,502,371992
73,51,1028222
73,51,1167047
73,51,1193025
73,554,115468
73,554,1245173
73,554,1263042
73,554,1363863
73,554,1664726
73,554,248708
73,554,274043
73,554,451361
73,554,507759
73,554,584917
73,554,621208
73,554,815593
73,554,945484
73,555,1357405
73,584,1026318
73,584,1066292
73,584,1080725
73,584,1146974
73,584,127509
73,584,1279664
73,584,1445360
73,584,1567714
73,584,1637583
73,584,1669841
73,584,377713
73,584,424463
73,584,652702
73,584,815636
73,584,873500
73,604,1404194
73,606,1390096
73,606,1638189
73,629,1626826
73,636,698134
73,66,1502847
73,66,255345
73,720,109785
73,726,450940
73,736,1619332
73,769,264212
73,769,765999
73,771,1224818
73,778,1354317
73,778,1539624
73,789,375634
73,827,968614
73,834,1538384
73,838,1353289
73,838,1484941
73,838,570383
73,838,781826
73,838,965051
73,868,252463
73,980,777042
74,1047,1207748
74,1061,219869
74,1061,419797
74,1061,658786
74,108,1044052
74,108,901878
74,114,235660
74,139,781683
74,139,963029
74,154,391466
74,157,812953
74,158,1344111
74,158,239366
74,158,470834
74,158,70881
74,17,1142935
74,17,1295576
74,17,1345380
74,17,1615542
74,17,796201
74,174,1084421
74,174,1498241
74,174,505599
74,185,1642190
74,200,1073876
74,200,1189282
74,200,1211123
74,200,1415420
74,200,1571844
74,200,539338
74,200,756466
74,200,970385
74,203,321573
74,204,870026
74,206,883119
74,221,1537479
74,224,1266618
74,224,139667
74,224,197412
74,224,904252
74,229,489697
74,279,1185143
74,279,1218720
74,279,1401820
74,279,164546
74,279,438806
74,28,1164637
74,28,1547142
74,28,628479
74,28,661562
74,28,951397
74,28,986451
74,292,1377864
74,3,1415242
74,3,197964
74,3,415043
74,3,599782
74,304,237983
74,304,967213
74,313,1398514
74,314,1649771
74,314,1684929
74,314,865004
74,32,1242012
74,32,741184
74,326,1203778
74,33,1246971
74,33,139546
74,33,41520
74,33,804937
74,335,1212607
74,34,1019496
74,34,1176781
74,34,1394054
74,34,178927
74,34,591360
74,34,67899
74,34,740842
74,34,77492
74,34,893066
74,342,1127239
74,358,1032223
74,358,1065621
74,358,1069144
74,358,1199113
74,358,1200533
74,358,1300855
74,358,139109
74,358,1406417
74,358,1525145
74,358,248339
74,358,932085
74,36,1463774
74,36,772051
74,370,783080
74,372,1313472
74,377,1293826
74,383,233705
74,383,252888
74,383,983076
74,396,1068835
74,401,497164
74,401,73525
74,405,1262760
74,405,1481371
74,405,414963
74,405,994034
74,419,1485689
74,419,1681715
74,419,716064
74,430,54186
74,435,1270623
74,451,526395
74,457,240605
74,457,414783
74,457,674921
74,464,1103208
74,464,1577058
74,464,659133
74,464,663372
74,473,1583807
74,473,461686
74,477,1311922
74,477,475762
74,477,633943
74,498,485250
74,498,527798
74,505,1195071
74,505,179825
74,505,312564
74,505,339726
74,505,407574
74,51,1087681
74,51,1195601
74,51,1442812
74,51,1673459
74,51,318331
74,51,338368
74,511,574486
74,518,327895
74,522,434396
74,528,1355426
74,553,226801
74,554,592330
74,569,1305847
74,57,1130193
74,584,1086288
74,584,1089760
74,584,1136902
74,584,1160519
74,584,1242007
74,584,1288489
74,584,1373544
74,584,1632803
74,584,333706
74,584,487886
74,584,643464
74,584,706209
74,584,833763
74,584,845229
74,584,876830
74,584,979421
74,587,1156610
74,587,1277150
74,587,1337111
74,587,303562
74,587,452562
74,6,241977
74,604,1603662
74,604,323392
74,604,456782
74,605,1214708
74,605,342851
74,606,1056035
74,606,1087896
74,606,1193681
74,606,1237123
74,606,1268818
74,606,1385604
74,606,721447
74,606,754065
74,626,40618
74,633,1130998
74,633,1684823
74,633,939836
74,643,1589424
74,646,1634744
74,66,1274651
74,66,1294908
74,66,1375026
74,66,1382073
74,66,1460051
74,66,1474003
74,66,1512534
74,66,1572105
74,66,1575427
74,66,1649426
74,66,278842
74,66,374034
74,66,656510
74,66,840575
74,66,897060
74,661,1241874
74,661,1653961
74,674,893015
74,675,1154400
74,675,1413088
74,678,1327452
74,678,1354202
74,684,1287294
74,684,1439726
74,684,1511787
74,690,1383961
74,692,1427886
74,70,607159
74,709,222579
74,709,704906
74,713,1453100
74,713,436031
74,719,27247
74,719,836883
74,719,981367
74,739,826711
74,743,1511813
74,743,1557680
74,743,639818
74,745,1081138
74,745,1603197
74,757,507420
74,773,178664
74,778,69175
74,780,316908
74,780,385571
74,780,610784
74,781,767090
74,791,140790
74,791,573723
74,811,259668
74,822,1071708
74,823,41957
74,834,1111951
74,834,1549174
74,834,1572962
74,834,301482
74,838,116680
74,838,1387186
74,838,1426626
74,838,412501
74,879,1464475
74,879,1612599
74,879,246890
74,900,1110827
74,900,1469938
74,900,1489450
74,900,583632
74,900,938634
74,923,1205691
74,923,885497
74,925,1529448
74,952,571470
74,988,1063502
74,988,1076631
74,988,1172111
74,988,1231066
74,988,1291314
74,988,1294650
74,988,1302208
74,988,313884
74,988,429602
74,988,469693
74,988,592477
74,988,859199
74,992,1478062
75,1045,1150618
75,1045,908207
75,1046,682027
75,1047,1655242
75,131,1085993
75,131,1126820
75,131,1270231
75,131,1274439
75,131,174292
75,131,835884
75,137,536694
75,154,1282971
75,154,919106
75,160,1250538
75,163,1064384
75,163,1254668
75,163,1294557
75,163,1516491
75,163,97430
75,169,1548406
75,17,1337813
75,17,628884
75,17,804050
75,174,295512
75,174,574064
75,192,270979
75,200,1007019
75,200,1334581
75,200,1493312
75,200,1512326
75,200,85104
75,203,1630667
75,203,296233
75,203,460241
75,203,663971
75,203,952602
75,208,359625
75,217,1610147
75,25,1461107
75,28,1192318
75,28,687023
75,314,590653
75,33,1319280
75,33,632498
75,333,91168
75,34,1327580
75,34,366328
75,34,662202
75,34,694802
75,34,799341
75,358,1214353
75,358,1392957
75,358,1490843
75,358,1546466
75,358,241911
75,358,332153
75,358,340196
75,358,673289
75,358,802263
75,377,1170886
75,377,49994
75,39,114696
75,39,1272389
75,39,139491
75,39,879429
75,401,1368276
75,401,1638906
75,401,637533
75,419,38378
75,42,518048
75,430,403056
75,430,860125
75,457,153207
75,462,197058
75,462,950668
75,464,1046390
75,48,1261760
75,504,1441774
75,504,624788
75,51,1178241
75,51,1182486
75,51,24468
75,513,872464
75,528,1341436
75,528,140396
75,53,1274888
75,57,1184964
75,57,700832
75,57,710740
75,584,1036210
75,584,186697
75,584,262727
75,584,282979
75,584,420401
75,584,436996
75,584,444820
75,584,529660
75,584,570513
75,584,750438
75,584,90800
75,584,933552
75,587,452598
75,604,208688
75,604,404345
75,605,119512
75,605,1414301
75,605,826359
75,606,882918
75,633,893352
75,639,36692
75,646,215562
75,66,1034209
75,66,1039839
75,66,1143956
75,66,1339168
75,66,150274
75,66,311772
75,66,480880
75,66,556060
75,66,77569
75,66,835911
75,66,906547
75,662,166339
75,675,358395
75,688,376730
75,709,819769
75,711,1632090
75,780,335078
75,780,606828
75,780,628185
75,780,696712
75,787,1580124
75,798,174891
75,816,304838
75,823,486981
75,897,1178703
75,897,549907
75,965,831268
75,988,1358130
75,988,1583274
75,988,519761
75,988,832778
76,1061,416218
76,15,1551911
76,154,1531765
76,154,1668936
76,154,751894
76,158,37218
76,158,519956
76,158,942938
76,17,1040469
76,17,1498391
76,17,20827
76,17,70047
76,17,708317
76,17,851485
76,17,939988
76,174,187822
76,174,633728
76,185,353852
76,200,1104358
76,200,1434661
76,200,251939
76,200,270916
76,223,1325533
76,223,286814
76,224,348639
76,224,937578
76,229,749069
76,28,1016913
76,286,1045656
76,286,1099549
76,286,1339386
76,286,221042
76,3,1674691
76,314,26167
76,314,86270
76,314,89784
76,32,51961
76,324,442604
76,326,1628449
76,33,1441308
76,330,677540
76,34,31401
76,34,542643
76,34,849413
76,34,888684
76,348,160783
76,357,1642330
76,368,1595600
76,405,1163576
76,419,1111231
76,42,510953
76,42,651263
76,421,1482388
76,421,527837
76,421,669119
76,447,993360
76,457,773165
76,464,1358551
76,47,396064
76,477,214677
76,477,957832
76,51,4978
76,51,622227
76,51,783001
76,525,1140103
76,527,361409
76,554,421741
76,554,468386
76,554,753272
76,57,1318668
76,575,1405660
76,583,620931
76,584,1161932
76,584,1168277
76,584,1218413
76,584,332741
76,584,651810
76,584,666795
76,584,720242
76,584,779869
76,584,885544
76,587,1565329
76,587,1619038
76,587,1679225
76,587,624569
76,587,718247
76,604,1432584
76,604,1514201
76,605,1120004
76,605,781526
76,606,1141448
76,606,1174603
76,606,1368470
76,606,341645
76,606,888543
76,607,1062280
76,627,1343000
76,637,1659989
76,66,1126993
76,66,1469196
76,66,526153
76,66,587909
76,66,990688
76,688,728711
76,692,851938
76,695,39038
76,713,507117
76,719,1053580
76,769,991103
76,772,626024
76,780,1137110
76,780,1542010
76,780,416912
76,791,176514
76,804,615708
76,838,1255834
76,838,367805
76,838,378045
76,838,536526
76,838,629358
76,838,967904
76,840,639415
76,879,113694
76,879,303220
76,879,858939
76,879,880873
76,886,1351287
76,886,589302
76,890,324122
76,900,1403267
76,900,435815
76,900,671255
76,900,710531
76,900,993715
76,956,1575461
76,961,1308539
76,988,1267808
76,988,1569032
76,988,989021
77,541,211416
77,541,211808
77,584,144062
77,584,513789
77,584,538161
77,584,961289
77,66,1272698
77,66,1307633
77,66,87486
77,66,961482
77,793,821500
77,793,974051
77,839,216301
77,839,446139
78,158,1619810
78,158,216034
78,34,173752
78,546,551067
78,66,660999
78,66,878448
78,719,165491
78,958,86190
78,987,1556645
79,103,1313084
79,103,291493
79,103,395422
79,103,421187
79,103,494593
79,103,711556
79,103,764012
79,114,492313
79,131,590547
79,148,56553
79,174,860234
79,219,1682734
79,219,325376
79,219,71325
79,278,267130
79,285,1473732
79,289,1077901
79,289,637614
79,3,1300694
79,416,1495210
79,419,3513
79,419,782264
79,419,882088
79,434,1131981
79,434,1273665
79,434,1291119
79,434,1353968
79,434,1548834
79,434,1603425
79,461,1167625
79,477,973247
79,496,1319465
79,496,1628691
79,526,557999
79,584,1000335
79,584,1205840
79,584,822359
79,584,985545
79,587,186283
79,606,416402
79,66,1255099
79,66,855227
79,719,354220
79,745,1496328
79,766,1012715
79,766,1108425
79,766,1393240
79,766,843487
8,17,1337402
8,17,1392523
8,220,890795
8,306,1092020
8,34,1373837
8,34,280884
8,350,589514
8,350,753105
8,419,1510836
8,47,1410141
8,47,613824
8,584,1118243
8,584,122247
8,584,1334603
8,584,1463444
8,584,1564153
8,584,201867
8,584,306786
8,584,682990
8,584,72735
8,584,801779
8,609,857280
8,66,619758
8,692,1150274
8,692,13020
8,692,1405593
8,692,1424413
8,692,1577526
8,692,1622774
8,692,25481
8,692,51413
8,692,521168
8,692,531786
8,781,137670
8,781,1656115
8,794,48431
8,794,977842
8,838,125504
8,838,30532
8,838,525455
8,859,1209766
8,859,1606870
8,859,317683
8,859,354973
8,859,389501
8,859,503075
8,859,74307
8,864,5307
80,224,821217
80,240,690594
80,246,557281
80,555,1032418
80,72,770707
80,912,533424
81,1007,321991
81,1010,1166594
81,1010,59494
81,1016,1111718
81,1016,1229225
81,1016,1306602
81,1016,144919
81,1016,223355
81,1016,324965
81,1016,410254
81,1016,421909
81,1016,601497
81,1016,60830
81,1016,614011
81,1016,64091
81,1042,865839
81,1045,632755
81,123,269341
81,164,78183
81,17,34695
81,17,359208
81,179,967747
81,225,299588
81,314,136411
81,314,436635
81,33,116130
81,33,561044
81,34,1014066
81,34,172927
81,378,45099
81,401,1413308
81,419,1357056
81,419,1407584
81,419,202088
81,419,268628
81,419,570969
81,42,1055021
81,42,1098702
81,42,110376
81,42,1409762
81,42,1585764
81,42,428403
81,42,464873
81,42,525199
81,42,591880
81,42,698300
81,426,234366
81,44,1095759
81,44,449884
81,44,704682
81,452,1370016
81,470,58360
81,474,976592
81,57,1000964
81,584,1177836
81,584,1238544
81,584,1455236
81,584,1461360
81,584,1467355
81,584,20671
81,584,238728
81,584,296872
81,584,502841
81,584,691054
81,584,706652
81,584,7683
81,584,821554
81,584,844131
81,60,1420072
81,60,613155
81,605,1103023
81,644,571590
81,66,1417005
81,683,1620446
81,716,117762
81,716,1374409
81,716,1443851
81,716,1454426
81,716,1590069
81,716,1678396
81,716,404896
81,716,580443
81,716,703388
81,716,751264
81,716,920183
81,745,1517789
81,754,1156583
81,781,1640735
81,834,519288
81,886,83000
81,900,1070107
81,988,1105167
81,988,1348227
81,988,363176
81,988,519499
81,999,676708
81,999,680840
81,999,857153
81,999,986554
82,132,882447
82,154,1409937
82,158,519398
82,174,1228808
82,186,696909
82,200,1281474
82,212,1257279
82,224,922226
82,28,1647441
82,377,1448606
82,419,572841
82,43,1443990
82,444,1349720
82,444,1654631
82,444,750271
82,444,906967
82,477,856555
82,477,871593
82,51,1037771
82,51,1107405
82,51,1254
82,51,1292414
82,51,198286
82,51,236472
82,51,272214
82,51,391189
82,51,969725
82,57,860195
82,584,143470
82,584,468231
82,587,934720
82,623,1098262
82,623,1406162
82,623,212417
82,623,759745
82,659,39535
82,66,539135
82,699,172949
82,719,1107411
82,719,1263296
82,777,1474804
82,777,669230
82,780,1016832
82,780,1023343
82,780,1564088
82,780,201309
82,780,968015
82,781,919224
82,900,1491750
82,923,500739
82,923,534638
82,94,1263860
82,94,1540031
82,94,1586887
82,94,1630400
82,94,445117
82,94,851249
82,988,1401873
82,988,698282
82,988,818740
82,988,92206
82,988,941418
83,1017,1213086
83,102,20902
83,1022,258266
83,1028,1510739
83,1043,1627463
83,154,294728
83,154,776290
83,154,828932
83,158,1196382
83,158,533306
83,17,513510
83,17,919825
83,174,1137623
83,174,446874
83,174,52170
83,200,1090493
83,200,1450644
83,200,1651048
83,200,428251
83,224,331094
83,224,865959
83,232,738762
83,253,1615225
83,279,429880
83,295,834230
83,3,1564303
83,3,911987
83,304,1054377
83,304,148608
83,304,836666
83,31,505369
83,314,1380844
83,314,896432
83,32,1408002
83,32,62608
83,32,91963
83,33,228941
83,33,283525
83,34,1114978
83,34,1195209
83,34,1340385
83,34,228796
83,34,462909
83,34,882520
83,34,963826
83,358,1498987
83,358,41450
83,358,473717
83,377,1082042
83,401,1060824
83,405,351754
83,419,1345632
83,419,1681685
83,419,213772
83,435,1483259
83,457,623459
83,457,91280
83,463,765083
83,466,3215
83,473,1642814
83,477,110102
83,477,1375244
83,490,812606
83,492,343820
83,492,947925
83,498,1220220
83,498,1453889
83,498,386319
83,498,404528
83,498,405140
83,50,1588038
83,51,1156225
83,51,1658180
83,51,173040
83,51,269671
83,51,411784
83,51,450674
83,51,746500
83,51,887149
83,510,964363
83,538,631312
83,564,1630469
83,564,1631508
83,564,202960
83,564,817620
83,570,1016550
83,58,1217498
83,58,78260
83,584,1321827
83,584,1369225
83,584,1430373
83,584,180393
83,584,293032
83,584,873183
83,587,333080
83,587,52976
83,588,1480485
83,601,965344
83,604,158161
83,604,771308
83,606,871833
83,606,897270
83,640,571872
83,642,100610
83,66,1228291
83,66,1392844
83,66,938928
83,674,226121
83,684,855337
83,745,1454070
83,761,162802
83,780,965803
83,781,1169262
83,788,1380282
83,838,265601
83,838,839802
83,845,141430
83,845,800950
83,850,1009713
83,856,1665174
83,879,1256697
83,879,1348527
83,879,445740
83,879,660454
83,879,977196
83,900,1059453
83,900,110550
83,900,1366365
83,900,14179
83,900,1531607
83,900,1602365
83,900,233853
83,900,314832
83,900,616471
83,900,916970
83,923,1616554
83,923,69968
83,923,792766
83,952,1408376
83,972,1044195
83,975,1341645
83,988,214391
83,988,508113
83,988,516747
84,1000,1559796
84,1018,1163554
84,1018,891915
84,1035,1551823
84,1036,979711
84,1043,587742
84,1061,1200040
84,1061,1252005
84,141,569741
84,142,1299420
84,154,1053043
84,154,24409
84,154,516525
84,154,786364
84,158,1159818
84,158,1330015
84,158,152364
84,17,1367399
84,17,283585
84,17,529377
84,17,698378
84,17,884447
84,174,1017314
84,174,283575
84,174,361722
84,176,177961
84,182,263994
84,183,1058214
84,183,261906
84,183,442842
84,185,304161
84,195,1257093
84,197,957143
84,201,984840
84,220,1101364
84,220,837340
84,224,1562423
84,24,505659
84,251,206117
84,251,618897
84,259,1076265
84,279,1277312
84,279,35303
84,279,396974
84,28,279062
84,28,661286
84,28,757152
84,290,727167
84,301,504528
84,314,548321
84,314,730264
84,314,859310
84,326,1643422
84,33,183523
84,334,350664
84,34,1604396
84,34,770762
84,377,237507
84,377,509296
84,383,675329
84,398,196471
84,411,1652405
84,411,835230
84,419,1134413
84,419,1378643
84,419,173286
84,419,797105
84,42,1099777
84,42,1352434
84,42,1560260
84,42,1585986
84,42,1654699
84,42,1662568
84,42,509247
84,42,652790
84,42,747436
84,42,756883
84,42,791173
84,42,87396
84,421,838352
84,456,1124701
84,457,1415434
84,464,1292644
84,464,522705
84,464,810904
84,477,1591208
84,477,491920
84,481,37199
84,489,136607
84,49,871331
84,492,1113913
84,492,1411007
84,492,211001
84,493,1503020
84,5,836132
84,51,1077698
84,51,118263
84,51,1357169
84,51,1464163
84,51,1523958
84,51,1635467
84,51,47574
84,51,57439
84,51,643226
84,51,701810
84,51,977755
84,514,790697
84,528,1451653
84,528,1560795
84,528,397959
84,554,1020059
84,554,1051607
84,554,1205182
84,554,182319
84,554,328355
84,554,451883
84,554,840995
84,554,905715
84,572,1241448
84,572,635863
84,584,1060039
84,584,1126026
84,584,1172727
84,584,1226167
84,584,1272501
84,584,1412351
84,584,14251
84,584,1543552
84,584,1653880
84,584,1675983
84,584,212432
84,584,222571
84,584,238481
84,584,240776
84,584,283517
84,584,355494
84,584,512266
84,584,936801
84,584,989512
84,604,1652829
84,604,502669
84,604,655714
84,628,124648
84,641,522755
84,646,1468069
84,649,136282
84,654,1004953
84,654,1517724
84,654,363306
84,656,1004399
84,656,1476437
84,656,156007
84,656,285061
84,656,410677
84,656,852761
84,66,1218180
84,66,1259344
84,66,1261645
84,66,346018
84,66,525569
84,66,563736
84,66,566021
84,66,667672
84,66,681979
84,66,68209
84,66,725570
84,66,731554
84,66,732065
84,66,740651
84,66,746675
84,66,890638
84,66,900637
84,66,918526
84,660,1370390
84,660,387850
84,663,293921
84,675,1663553
84,681,1595537
84,714,862707
84,719,840175
84,723,1366622
84,769,1459644
84,769,355176
84,774,115290
84,778,64923
84,778,937475
84,780,1663238
84,780,208570
84,780,322040
84,780,32809
84,781,487671
84,781,794660
84,781,976228
84,791,144705
84,813,1311240
84,829,393296
84,834,328120
84,838,1060907
84,838,1243540
84,838,1365924
84,838,242784
84,838,366075
84,84,316956
84,848,881617
84,872,432068
84,879,144298
84,89,1513467
84,900,1473796
84,909,693000
84,916,181232
84,916,309918
84,923,106326
84,923,1210895
84,923,1365159
84,923,1627720
84,923,43051
84,923,837406
84,924,170807
84,932,1080265
84,949,29554
84,961,1243505
84,961,1303928
84,961,1482190
84,961,407142
84,962,1385115
84,962,9899
84,971,850006
84,988,1056832
84,988,141740
84,988,1455660
84,988,265997
84,988,475999
84,988,594270
84,988,824212
85,101,12864
85,1016,1212308
85,116,1252658
85,116,487840
85,154,1618525
85,158,106769
85,167,911547
85,169,831071
85,17,1661973
85,17,209599
85,17,363960
85,17,984712
85,174,1320752
85,174,290175
85,174,842687
85,200,1209289
85,200,1225895
85,200,1342186
85,200,1591134
85,200,204225
85,200,292813
85,200,899784
85,200,965956
85,200,977116
85,200,979528
85,202,1283473
85,202,1442760
85,224,1242792
85,224,473543
85,229,421723
85,262,448477
85,28,175987
85,28,520906
85,286,465110
85,304,1021651
85,304,1056763
85,304,1332999
85,304,1534481
85,304,441861
85,304,779817
85,315,946897
85,32,1384856
85,32,1541262
85,32,1557725
85,32,157465
85,32,240389
85,32,852755
85,32,868556
85,321,1653731
85,33,748154
85,33,979659
85,333,1321687
85,34,593452
85,34,728105
85,34,873041
85,358,1465765
85,358,1614182
85,358,309195
85,358,404529
85,358,827162
85,36,1677215
85,376,89389
85,384,476376
85,39,1528604
85,39,326938
85,401,1043073
85,401,1135992
85,401,1383625
85,401,1639041
85,401,64756
85,401,892378
85,401,897472
85,405,785383
85,405,894465
85,419,738139
85,443,1921
85,451,1098969
85,464,404143
85,464,96367
85,473,741310
85,477,607626
85,498,1122255
85,498,1602742
85,498,560838
85,498,841193
85,51,1543985
85,51,1640352
85,51,574330
85,51,73044
85,517,494150
85,517,644215
85,523,1012102
85,564,1266734
85,564,1348372
85,564,494132
85,564,515299
85,564,94213
85,567,256975
85,584,1036971
85,584,1103976
85,584,13355
85,584,233309
85,584,286820
85,584,382444
85,584,476052
85,584,552769
85,584,90906
85,587,1589137
85,604,714387
85,606,260143
85,606,611257
85,606,838064
85,612,369898
85,619,1006217
85,620,337735
85,622,855572
85,633,566447
85,633,856723
85,646,958742
85,66,1205325
85,66,1248417
85,66,1253166
85,66,1397009
85,66,140616
85,66,1482170
85,66,1487402
85,66,1566212
85,66,357742
85,66,410929
85,66,464579
85,66,609005
85,66,823356
85,66,844906
85,66,96128
85,661,633753
85,661,676365
85,678,1208831
85,678,623642
85,684,1037681
85,684,1291041
85,692,1332022
85,692,446910
85,713,639086
85,714,1219185
85,719,776213
85,727,890839
85,745,291827
85,778,1571497
85,780,510233
85,780,688618
85,781,1121119
85,799,996666
85,822,1598122
85,834,96149
85,838,1070268
85,838,1332700
85,838,528932
85,857,1495742
85,879,1187772
85,879,1257221
85,879,1502004
85,879,440725
85,891,498684
85,900,1054175
85,900,1149446
85,900,1212236
85,900,1246466
85,900,1275646
85,900,1385836
85,900,1571339
85,900,327776
85,900,833335
85,914,1573777
85,923,1027764
85,923,1444562
85,923,1523353
85,923,1552297
85,923,1647943
85,923,654529
85,923,711077
85,923,735292
85,923,816429
85,931,1279758
85,947,800448
85,967,850916
85,968,1354685
85,976,1583316
85,978,754486
85,988,1000745
85,988,930246
86,14,249978
86,421,1637691
86,51,270865
86,51,973450
86,635,1107050
86,682,1027586
86,682,284334
87,153,1262394
87,17,1622929
87,200,135190
87,21,1532555
87,224,36911
87,224,751225
87,34,1165848
87,34,1224884
87,34,645775
87,358,408682
87,380,32559
87,39,1396575
87,444,1565647
87,464,670880
87,473,685354
87,498,1129132
87,505,1151117
87,584,1041198
87,584,528980
87,587,1398420
87,604,1151949
87,604,610950
87,659,709691
87,66,1171827
87,66,577549
87,671,1409053
87,780,712165
87,838,1562455
87,838,83730
87,844,1257299
87,869,325612
87,923,202085
87,98,1516689
87,988,54852
88,152,438294
88,152,786393
88,304,1091825
88,304,1346412
88,603,1227395
88,603,1296763
89,17,1531651
89,17,166098
89,40,702618
89,40,709340
89,541,1082987
89,541,846263
89,581,1455201
89,581,1658740
89,584,559431
89,584,620660
89,584,988182
89,66,1669196
89,66,487273
89,66,82119
89,66,96950
89,838,45504
9,1032,1680959
9,1061,529012
9,119,336831
9,158,775481
9,161,1404008
9,17,1258902
9,17,1603891
9,17,382849
9,17,970434
9,174,1370719
9,174,579041
9,174,625681
9,207,1153095
9,215,11472
9,220,1208155
9,224,952720
9,224,972828
9,257,1452894
9,265,28499
9,29,1268263
9,314,1000707
9,314,612663
9,314,759288
9,32,141263
9,34,1562121
9,34,823697
9,36,1137010
9,360,454484
9,360,829439
9,398,609102
9,42,1027935
9,42,1134673
9,42,1570826
9,464,60912
9,47,1675876
9,47,768764
9,47,783776
9,477,1378716
9,493,383041
9,493,484810
9,493,485701
9,5,1330137
9,51,1311089
9,51,133706
9,51,1404677
9,51,548884
9,51,622388
9,515,1098330
9,532,1655987
9,554,1046867
9,554,1451195
9,554,254254
9,554,353336
9,554,769272
9,57,432786
9,583,1300530
9,583,1565493
9,583,629014
9,584,1336033
9,584,1475411
9,584,1651599
9,584,1670068
9,584,212291
9,584,221190
9,584,342010
9,584,366739
9,584,401368
9,584,402602
9,584,425634
9,584,576414
9,584,680438
9,584,765733
9,584,912984
9,584,914290
9,584,962425
9,585,204652
9,604,164418
9,604,708535
9,606,1538414
9,611,264192
9,620,458342
9,65,1543918
9,66,386192
9,66,464849
9,684,137244
9,684,458344
9,684,463572
9,719,1015701
9,719,1311879
9,719,373135
9,730,1088413
9,764,288563
9,769,1660198
9,769,740103
9,778,1040544
9,83,334188
9,83,689941
9,834,1508892
9,834,833561
9,838,663152
9,838,716340
9,838,93784
9,908,669912
9,916,1031888
9,936,895278
9,949,1206193
9,961,108322
9,961,464863
9,961,695840
9,961,835986
9,99,1461591
9,994,647074
90,101,1251196
90,109,347475
90,145,1651625
90,149,1120930
90,154,190638
90,154,517735
90,17,297195
90,17,539957
90,17,62084
90,17,634429
90,174,1086204
90,174,1501724
90,174,1581260
90,174,662845
90,174,994248
90,18,173956
90,200,1096025
90,200,1240406
90,200,1437703
90,200,186939
90,200,977191
90,200,983079
90,200,988644
90,220,386089
90,222,1573391
90,224,1423047
90,224,496300
90,224,581490
90,229,762484
90,286,1016003
90,286,474228
90,3,838158
90,304,958100
90,314,184801
90,314,824084
90,333,1015196
90,333,131948
90,34,1537742
90,349,1498432
90,37,753392
90,394,590667
90,4,1000384
90,403,1471032
90,419,1285647
90,419,1325702
90,457,33286
90,47,857393
90,477,1084229
90,477,1175485
90,477,442142
90,477,486031
90,477,937033
90,51,626072
90,536,1156726
90,551,1074000
90,551,586245
90,553,716426
90,57,1336834
90,584,144489
90,584,245800
90,584,421258
90,584,425919
90,584,500913
90,584,5856
90,584,618409
90,584,883156
90,584,887462
90,587,1230722
90,587,1286122
90,590,1481773
90,604,119616
90,604,1399883
90,604,176313
90,604,265475
90,604,440651
90,604,682112
90,604,754663
90,605,1026899
90,605,1087342
90,605,850647
90,606,896015
90,62,1403350
90,631,69237
90,637,169302
90,637,834625
90,650,10550
90,66,1151216
90,66,1179729
90,66,1230907
90,66,1303692
90,66,620631
90,66,674434
90,66,674564
90,66,77234
90,674,1011952
90,677,1020772
90,684,1326730
90,710,856241
90,712,703503
90,719,1154609
90,719,244683
90,719,581213
90,719,665033
90,780,696072
90,780,946011
90,817,1649507
90,834,1157603
90,834,1190130
90,834,1265348
90,834,215512
90,834,731756
90,838,1258199
90,838,1386358
90,838,1464134
90,838,1552621
90,838,221192
90,846,506934
90,858,459113
90,86,1605493
90,879,1057050
90,879,1635977
90,879,256163
90,879,346099
90,879,720305
90,879,749485
90,900,883820
90,940,1403122
90,940,1524497
90,940,358857
90,943,1311361
90,961,153156
90,963,639608
90,988,1256371
90,988,1316391
90,988,1382312
90,988,1442293
90,988,400107
90,988,461346
91,600,297404
92,802,1310534
92,988,1498809
93,1005,571249
93,1061,1407618
93,110,1352519
93,110,1582093
93,118,366239
93,13,355271
93,154,95445
93,158,1145877
93,158,1407281
93,158,410609
93,158,426826
93,158,481609
93,17,1041789
93,17,1161752
93,17,12155
93,17,1271767
93,17,235019
93,17,255893
93,17,737182
93,17,796797
93,17,994485
93,185,1470150
93,192,1202554
93,198,948899
93,224,1270988
93,224,1363102
93,229,1279186
93,229,818696
93,231,1200631
93,231,523291
93,243,1011534
93,243,215579
93,243,361924
93,243,560989
93,243,583083
93,243,804728
93,243,918710
93,260,312220
93,299,494022
93,3,1310764
93,3,182734
93,300,104244
93,314,570835
93,323,1478074
93,326,1151072
93,326,436593
93,339,501078
93,34,1111945
93,34,1531093
93,34,232066
93,34,391882
93,34,743900
93,355,251673
93,358,152415
93,358,246320
93,358,932999
93,367,1410028
93,370,475995
93,393,542343
93,401,713399
93,413,32926
93,421,1183949
93,421,1436048
93,421,386723
93,421,557566
93,421,751309
93,430,1285619
93,431,900554
93,439,1550569
93,441,64630
93,445,1480248
93,457,1113555
93,457,1622410
93,457,448236
93,477,1319323
93,477,13481
93,477,1646041
93,477,432145
93,491,1336141
93,502,128996
93,516,143394
93,517,1567637
93,530,1287519
93,540,292279
93,545,1543541
93,545,1653445
93,545,825520
93,558,401614
93,57,1049395
93,57,1160338
93,57,1548161
93,57,3360
93,57,772542
93,578,222947
93,58,1433420
93,584,1157060
93,584,130286
93,584,1329255
93,584,1388596
93,584,1436557
93,584,1546556
93,584,1620969
93,584,291964
93,584,299839
93,584,366023
93,584,431663
93,584,498014
93,584,531617
93,584,592118
93,584,655560
93,584,71368
93,584,757682
93,584,794185
93,584,804836
93,584,810406
93,587,1637000
93,587,443776
93,587,633282
93,599,1459377
93,600,927299
93,606,1332760
93,63,671482
93,632,1359680
93,66,717300
93,66,842508
93,67,1524348
93,670,1331706
93,751,1582004
93,767,1007974
93,767,1657304
93,780,430989
93,780,741703
93,791,1419526
93,791,762509
93,791,772014
93,805,336753
93,806,557777
93,824,1237416
93,834,1484551
93,834,421717
93,838,121541
93,838,1333185
93,838,150131
93,838,1612365
93,838,16215
93,838,237143
93,861,577517
93,879,831720
93,892,781208
93,900,1267963
93,900,318942
93,905,185462
93,922,1222508
93,922,1367900
93,922,1603687
93,922,1667007
93,922,1667055
93,922,275988
93,922,399141
93,922,67869
93,922,680723
93,922,791640
93,980,1295565
93,980,441792
93,988,1509603
93,988,190527
93,988,405675
93,988,795747
93,999,1015120
94,1011,42446
94,1011,786170
94,1043,1074538
94,1063,1187169
94,1063,655902
94,187,1592277
94,187,856879
94,200,1179664
94,200,1538413
94,395,1022190
94,395,823759
94,490,108970
94,490,323103
94,51,567204
94,51,701213
94,574,453642
94,584,412277
94,584,553203
94,586,1447731
94,838,221464
94,900,1079197
94,900,204537
94,900,923108
94,910,933201
94,980,931993
95,1006,171722
95,1054,335003
95,249,555489
95,3,1438915
95,327,1229429
95,359,1673223
95,38,242071
95,47,1104827
95,47,874005
95,477,142629
95,51,1016949
95,51,1152447
95,51,1170328
95,51,1247218
95,51,1310775
95,51,1317433
95,51,1324509
95,51,1360660
95,51,1368987
95,51,1675922
95,51,713618
95,51,770139
95,51,9257
95,584,1013103
95,584,1037569
95,584,1142647
95,584,1321189
95,584,1428352
95,584,1674206
95,584,1681518
95,584,190110
95,584,237961
95,584,264785
95,584,426464
95,584,632673
95,584,678966
95,584,790065
95,584,863963
95,584,892297
95,684,539113
95,7,509603
95,767,826876
95,767,827616
95,777,1143913
95,777,1171831
95,777,1582375
95,777,424964
95,777,442686
95,777,482123
95,777,485420
95,777,980617
95,838,635811
95,911,592440
95,988,493575
95,993,1526110
96,317,1049133
96,838,765526
