route_id,agency_id,route_short_name,route_long_name,route_type
"10-A10-1-j26-1","01","A10-1","Salzburg - Villach - Klagenfurt","2"
"10-A11-j26-1","01","A11","Wien - Salzburg - Kufstein - Innsbruck - Bludenz - Bregenz - Lindau","2"
"10-A12-j26-1","01","A12","Breclav - Wien - Wr.Neustadt - Mürzzuschlag - Bruck/Mur - Graz - Spielfeld-Straß","2"
"10-A13-j26-1","01","A13","Wien - Salzburg - Kufstein - Innsbruck - Bludenz - Bregenz - Lindau","2"
"10-A14-j26-1","01","A14","Wien - Salzburg - Kufstein - Innsbruck - Bludenz - Bregenz - Lindau","2"
"10-A18-j26-1","01","A18","Lindau - Bregenz - Bludenz - Innsbruck - Kufstein - Salzburg - Wien","2"
"10-A19-j26-1","01","A19","Linz - Selzthal - Graz","2"
"10-A1-j26-1","01","A1","Wien - Salzburg - Kufstein - Innsbruck - Bludenz - Bregenz - Lindau","2"
"10-A20-j26-1","01","A20","Wien - Salzburg - Kufstein - Innsbruck - Bludenz - Bregenz - Lindau","2"
"10-A21-j26-1","01","A21","Wien - Salzburg - Kufstein - Innsbruck - Bludenz - Bregenz - Lindau","2"
"10-A3-j26-1","01","A3","Lindau - Bregenz - Bludenz - Innsbruck - Kufstein - Salzburg - Wien","2"
"10-A4-j26-1","01","A4","Lienz - Villach - Bruck an der Mur - Wien - Breclav","2"
"10-A62-j26-1","01","A62","Wien - Salzburg - Kufstein - Innsbruck - Bludenz - Bregenz - Lindau","2"
"10-A7-j26-1","01","A7","Salzburg - Villach - Klagenfurt","2"
"10-A8-j26-1","01","A8","Wien - Salzburg - Kufstein - Innsbruck - Bludenz - Bregenz - Lindau","2"
"10-A92-j26-1","01","A92","Breclav - Wien - Wr.Neustadt - Mürzzuschlag - Bruck/Mur - Graz - Spielfeld-Straß","2"
"10-A9-j26-1","01","A9","Wien - Wr.Neustadt - Mürzzuschlag - Bruck/Mur - Klagenfurt - Villach - Tarvis","2"
"10-CH1-j26-1","01","CH1","Wien - Salzburg - Kufstein - Innsbruck - Bludenz - Bregenz - Lindau","2"
"10-CH3-j26-1","01","CH3","Wien - Salzburg - Kufstein - Innsbruck - Bludenz - Bregenz - Lindau","2"
"10-D15-j26-1","01","D15","Wien - Salzburg - Kufstein - Innsbruck - Bludenz - Bregenz - Lindau","2"
"10-D16-j26-1","01","D16","Wien - Salzburg - Kufstein - Innsbruck - Bludenz - Bregenz - Lindau","2"
"10-D17-j26-1","01","D17","Wien - Salzburg - Kufstein - Innsbruck - Bludenz - Bregenz - Lindau","2"
"10-D9-j26-1","01","D9","Wien - Salzburg - Kufstein - Innsbruck - Bludenz - Bregenz - Lindau","2"
"10-HU1-j26-1","01","HU1","Wien - Salzburg - Kufstein - Innsbruck - Bludenz - Bregenz - Lindau","2"
"10-I1-j26-1","01","I1","IT- Brenner - Kufstein - München (DE)","2"
"10-I3-j26-1","01","I3","Wien - Wr.Neustadt - Mürzzuschlag - Bruck/Mur - Klagenfurt - Villach - Tarvis","2"
"10-SI1-j26-1","01","SI1","Salzburg - Villach - Klagenfurt","2"
"10-SK-j26-1","01","SK","Wien - Salzburg - Kufstein - Innsbruck - Bludenz - Bregenz - Lindau","2"
"11-220-A-j26-1","01","220-A","?????????????????????????????? - ??????????????????????????????","2"
"12-A12-j26-1","01","A12","Breclav - Wien - Wr.Neustadt - Mürzzuschlag - Bruck/Mur - Graz - Spielfeld-Straß","2"
"12-A15-A-j26-1","01","A15-A","Lindau - Bregenz - Bludenz - Innsbruck - Kufstein - Salzburg - Wien","2"
"12-A15-j26-1","01","A15","Wien - Salzburg - Kufstein - Innsbruck - Bludenz - Bregenz - Lindau","2"
"12-A1-j26-1","01","A1","Wien - Salzburg - Kufstein - Innsbruck - Bludenz - Bregenz - Lindau","2"
"12-A-1-j26-1","01","A-1","","2"
"12-A3-j26-1","01","A3","Lindau - Bregenz - Bludenz - Innsbruck - Kufstein - Salzburg - Wien","2"
"12-A5-j26-1","01","A5","Lindau - Bregenz - Bludenz - Innsbruck - Kufstein - Salzburg - Wien","2"
"12-A7-j26-1","01","A7","Salzburg - Villach - Klagenfurt","2"
"12-A85-j26-1","01","A85","Salzburg - Villach - Klagenfurt","2"
"12-A86-j26-1","01","A86","Wien - Wr.Neustadt - Mürzzuschlag - Bruck/Mur - Klagenfurt - Villach - Tarvis","2"
"12-A88-j26-1","01","A88","Breclav - Wien - Wr.Neustadt - Mürzzuschlag - Bruck/Mur - Graz - Spielfeld-Straß","2"
"12-A91-j26-1","01","A91","Wien - Salzburg - Kufstein - Innsbruck - Bludenz - Bregenz - Lindau","2"
"12-A92-j26-1","01","A92","Breclav - Wien - Wr.Neustadt - Mürzzuschlag - Bruck/Mur - Graz - Spielfeld-Straß","2"
"12-A94-j26-1","01","A94","Lindau - Bregenz - Bludenz - Innsbruck - Kufstein - Salzburg - Wien","2"
"12-A96-j26-1","01","A96","Wien - Salzburg - Kufstein - Innsbruck - Bludenz - Bregenz - Lindau","2"
"12-A99-j26-1","01","A99","Wien - Salzburg - Kufstein - Innsbruck - Bludenz - Bregenz - Lindau","2"
"12-A9-j26-1","01","A9","Wien - Wr.Neustadt - Mürzzuschlag - Bruck/Mur - Klagenfurt - Villach - Tarvis","2"
"12-CH1-j26-1","01","CH1","Wien - Salzburg - Kufstein - Innsbruck - Bludenz - Bregenz - Lindau","2"
"12-CH2-j26-1","01","CH2","","2"
"12-CH3-j26-1","01","CH3","Wien - Salzburg - Kufstein - Innsbruck - Bludenz - Bregenz - Lindau","2"
"12-CZ3-j26-1","01","CZ3","Breclav - Wien - Wr.Neustadt - Mürzzuschlag - Bruck/Mur - Graz - Spielfeld-Straß","2"
"12-CZ4-j26-1","01","CZ4","Lindau - Bregenz - Bludenz - Innsbruck - Kufstein - Salzburg - Wien","2"
"12-D10-j26-1","01","D10","Wien - Salzburg - Kufstein - Innsbruck - Bludenz - Bregenz - Lindau","2"
"12-D11-j26-1","01","D11","Wien - Salzburg - Kufstein - Innsbruck - Bludenz - Bregenz - Lindau","2"
"12-D16-j26-1","01","D16","Lindau - Bregenz - Bludenz - Innsbruck - Kufstein - Salzburg - Wien","2"
"12-D17-j26-1","01","D17","Wien - Salzburg - Kufstein - Innsbruck - Bludenz - Bregenz - Lindau","2"
"12-D19-j26-1","01","D19","","2"
"12-D1-j26-1","01","D1","Wien - Salzburg - Kufstein - Innsbruck - Bludenz - Bregenz - Lindau","2"
"12-D3-j26-1","01","D3","Wien - Salzburg - Kufstein - Innsbruck - Bludenz - Bregenz - Lindau","2"
"12-D5-j26-1","01","D5","Lindau - Bregenz - Bludenz - Innsbruck - Kufstein - Salzburg - Wien","2"
"12-D6-j26-1","01","D6","Lindau - Bregenz - Bludenz - Innsbruck - Kufstein - Salzburg - Wien","2"
"12-D9-j26-1","01","D9","Wien - Salzburg - Kufstein - Innsbruck - Bludenz - Bregenz - Lindau","2"
"12-HU1-j26-1","01","HU1","Wien - Salzburg - Kufstein - Innsbruck - Bludenz - Bregenz - Lindau","2"
"12-I3-j26-1","01","I3","Wien - Wr.Neustadt - Mürzzuschlag - Bruck/Mur - Klagenfurt - Villach - Tarvis","2"
"12-SI1-j26-1","01","SI1","Salzburg - Villach - Klagenfurt","2"
"12-SI2-j26-1","01","SI2","Breclav - Wien - Wr.Neustadt - Mürzzuschlag - Bruck/Mur - Graz - Spielfeld-Straß","2"
"13-101-D-j26-1","01","101-D","Linz - Selzthal - Graz","2"
"13-A10-j26-1","01","A10","Salzburg - Villach - Klagenfurt","2"
"13-A12-1-j26-1","01","A12-1","Breclav - Wien - Wr.Neustadt - Mürzzuschlag - Bruck/Mur - Graz - Spielfeld-Straß","2"
"13-A12-2-j26-1","01","A12-2","Breclav - Wien - Wr.Neustadt - Mürzzuschlag - Bruck/Mur - Graz - Spielfeld-Straß","2"
"13-A12-j26-1","01","A12","Breclav - Wien - Wr.Neustadt - Mürzzuschlag - Bruck/Mur - Graz - Spielfeld-Straß","2"
"13-A13-j26-1","01","A13","Wien - Salzburg - Kufstein - Innsbruck - Bludenz - Bregenz - Lindau","2"
"13-A14-j26-1","01","A14","Wien - Salzburg - Kufstein - Innsbruck - Bludenz - Bregenz - Lindau","2"
"13-A17-j26-1","01","A17","Wien - Salzburg - Kufstein - Innsbruck - Bludenz - Bregenz - Lindau","2"
"13-A19-j26-1","01","A19","Linz - Selzthal - Graz","2"
"13-A-1-j26-1","01","A-1","","2"
"13-A-2-j26-1","01","A-2","","2"
"13-A3-j26-1","01","A3","Lindau - Bregenz - Bludenz - Innsbruck - Kufstein - Salzburg - Wien","2"
"13-A4-j26-1","01","A4","Lienz - Villach - Bruck an der Mur - Wien - Breclav","2"
"13-A6-j26-1","01","A6","Linz - Selzthal - Graz","2"
"13-A7-j26-1","01","A7","Salzburg - Villach - Klagenfurt","2"
"13-A8-j26-1","01","A8","Wien - Salzburg - Kufstein - Innsbruck - Bludenz - Bregenz - Lindau","2"
"13-A95-j26-1","01","A95","Lindau - Bregenz - Bludenz - Innsbruck - Kufstein - Salzburg - Wien","2"
"13-A96-j26-1","01","A96","Wien - Salzburg - Kufstein - Innsbruck - Bludenz - Bregenz - Lindau","2"
"13-A98-j26-1","01","A98","Wien - Salzburg - Kufstein - Innsbruck - Bludenz - Bregenz - Lindau","2"
"13-A99-j26-1","01","A99","Wien - Salzburg - Kufstein - Innsbruck - Bludenz - Bregenz - Lindau","2"
"13-A9-j26-1","01","A9","Wien - Wr.Neustadt - Mürzzuschlag - Bruck/Mur - Klagenfurt - Villach - Tarvis","2"
"13-AD3-j26-1","01","AD3","Lindau - Bregenz - Bludenz - Innsbruck - Kufstein - Salzburg - Wien","2"
"13-CH2-j26-1","01","CH2","Wien - Salzburg - Kufstein - Innsbruck - Bludenz - Bregenz - Lindau","2"
"13-E8-j26-1","01","E8","Graz - Selzthal - Linz","2"
"14-A10-j26-1","01","A10","Salzburg - Villach - Klagenfurt","2"
"14-A3-j26-1","01","A3","Lindau - Bregenz - Bludenz - Innsbruck - Kufstein - Salzburg - Wien","2"
"14-A7-j26-1","01","A7","Salzburg - Villach - Klagenfurt","2"
"14-A95-j26-1","01","A95","Lindau - Bregenz - Bludenz - Innsbruck - Kufstein - Salzburg - Wien","2"
"14-A96-j26-1","01","A96","Wien - Salzburg - Kufstein - Innsbruck - Bludenz - Bregenz - Lindau","2"
"14-A98-j26-1","01","A98","Wien - Salzburg - Kufstein - Innsbruck - Bludenz - Bregenz - Lindau","2"
"14-D7-j26-1","01","D7","Salzburg - Villach - Klagenfurt","2"
"15-CAT-j26-1","08","CAT","Wien - Salzburg - Kufstein - Innsbruck - Bludenz - Bregenz - Lindau","2"
"1-80-j26-1","01","80","80","2"
"1-MB4-j26-1","10","S4","Lindau - Bregenz - Bludenz - Innsbruck - Kufstein - Salzburg - Wien","2"
"1-MS1-V-j26-1","10","S1","Lindau - Bregenz - Bludenz - Innsbruck - Kufstein - Salzburg - Wien","2"
"1-S1-K-j26-1","01","S1","Breclav - Wien - Wr.Neustadt - Mürzzuschlag - Bruck/Mur - Klagenfurt - Villach - Spital/Millstättersee - Lienz","2"
"1-S1-M-j26-1","01","S1","Linz - Selzthal - Graz","2"
"1-S1-O-j26-1","01","S1","Bischofshofen - Schladming - Stainach-Irdning - Leoben - Bruck/M - Wien","2"
"1-S1-S-j26-1","01","S1","Linz - Selzthal - Graz","2"
"1-S1-V-j26-1","01","S1","Lindau - Bregenz - Bludenz - Innsbruck - Kufstein - Salzburg - Wien","2"
"1-S1-W-j26-1","01","S1","Wien - Salzburg - Kufstein - Innsbruck - Bludenz - Bregenz - Lindau","2"
"1-S2-I-j26-1","01","S2","Wien - Salzburg - Kufstein - Innsbruck - Bludenz - Bregenz - Lindau","2"
"1-S2-K-j26-1","01","S2","Wien - Wr.Neustadt - Mürzzuschlag - Bruck/Mur - Klagenfurt - Villach - Tarvis","2"
"1-S2-O-j26-1","01","S2","Bischofshofen - Schladming - Stainach-Irdning - Leoben - Bruck/M - Wien","2"
"1-S2-S-j26-1","01","S2","Wien - Salzburg - Kufstein - Innsbruck - Bludenz - Bregenz - Lindau","2"
"1-S2-V-j26-1","01","S2","Wien - Salzburg - Kufstein - Innsbruck - Bludenz - Bregenz - Lindau","2"
"1-S2-W-j26-1","01","S2","Wien - Salzburg - Kufstein - Innsbruck - Bludenz - Bregenz - Lindau","2"
"1-S3-K-j26-1","01","S3","... - München (DE) - Mittenwald (DE) - Innsbruck","2"
"1-S3-M-j26-1","01","S3","Graz - Selzthal - Linz","2"
"1-S3-O-j26-1","01","S3","Linz - Selzthal - Graz","2"
"1-S3-S-j26-1","01","S3","Budapest - Wien - Salzburg - Schwarzach-St.Veit - Innsbruck - Bludenz - Buchs - Zürich","2"
"1-S3-V-j26-1","01","S3","Lindau - Bregenz - Bludenz - Innsbruck - Kufstein - Salzburg - Wien","2"
"1-S3-W-j26-1","01","S3","Wien - Salzburg - Kufstein - Innsbruck - Bludenz - Bregenz - Lindau","2"
"1-S40-W-j26-1","01","S40","Wien - Salzburg - Kufstein - Innsbruck - Bludenz - Bregenz - Lindau","2"
"1-S45-W-j26-1","01","S45","Wien - Salzburg - Kufstein - Innsbruck - Bludenz - Bregenz - Lindau","2"
"1-S4-K-j26-1","01","S4","Wien - Bruck/Mur - Klagenfurt - Villach - Tarvis (I) - ...","2"
"1-S4-O-j26-1","01","S4","Linz - Selzthal - Graz","2"
"1-S4-T-j26-1","01","S4","Lindau - Bregenz - Bludenz - Innsbruck - Kufstein - Salzburg - Wien","2"
"1-S4-W-j26-1","01","S4","Wien - Salzburg - Kufstein - Innsbruck - Bludenz - Bregenz - Lindau","2"
"1-S50-W-j26-1","01","S50","Wien - Salzburg - Kufstein - Innsbruck - Bludenz - Bregenz - Lindau","2"
"1-S51-M-j26-1","01","S51","Wien - Wr.Neustadt - Mürzzuschlag - Bruck/Mur - Graz - Spielfeld-Straß","2"
"1-S5-K-j26-1","01","S5","Breclav - Wien - Wr.Neustadt - Mürzzuschlag - Bruck/Mur - Klagenfurt - Villach - Spital/Millstättersee - Lienz","2"
"1-S5-M-j26-1","01","S5","Wien - Wr.Neustadt - Mürzzuschlag - Bruck/Mur - Graz - Spielfeld-Straß","2"
"1-S60-W-j26-1","01","S60","Wien - Salzburg - Kufstein - Innsbruck - Bludenz - Bregenz - Lindau","2"
"1-S63-W-j26-1","01","S60","Wien - Salzburg - Kufstein - Innsbruck - Bludenz - Bregenz - Lindau","2"
"1-S6-K-j26-1","01","S6","... - München (DE) - Mittenwald (DE) - Innsbruck","2"
"1-S6-T-j26-1","01","S6","... - München (DE) - Mittenwald (DE) - Innsbruck","2"
"1-S7-K-j26-1","01","S7","Lindau - Bregenz - Bludenz - Innsbruck - Kufstein - Salzburg - Wien","2"
"1-S7-W-j26-1","01","S7","Wien - Salzburg - Kufstein - Innsbruck - Bludenz - Bregenz - Lindau","2"
"1-S80-W-j26-1","01","S80","Wien - Salzburg - Kufstein - Innsbruck - Bludenz - Bregenz - Lindau","2"
"1-S8-M-j26-1","01","S8","Wien - Wr.Neustadt - Mürzzuschlag - Bruck/Mur - Graz - Spielfeld-Straß","2"
"1-S8-T-j26-1","01","S8","Bregenz - Bludenz - Innsbruck - Schwarzach-St.Veit - Salzburg - Wien","2"
"1-S9-M-j26-1","01","S9","Wien - Bruck/Mur - Klagenfurt - Villach - Tarvis (I) - ...","2"
"1-SO2-T-j26-1","01","S2","Lindau - Bregenz - Bludenz - Innsbruck - Kufstein - Salzburg - Wien","2"
"1-SS4-T-j26-1","01","S4","Wien - Salzburg - Kufstein - Innsbruck - Bludenz - Bregenz - Lindau","2"
"1-ST3-T-j26-1","01","S3","Lindau - Bregenz - Bludenz - Innsbruck - Kufstein - Salzburg - Wien","2"
"1-ST4-T-j26-1","01","S4","Lindau - Bregenz - Bludenz - Innsbruck - Kufstein - Salzburg - Wien","2"
"20-SV1-A-j26-1","01","SV133","SV133","3"
"20-SV1-B-j26-1","01","SV140","SV140","3"
"20-SV1-C-j26-1","01","SV190","SV190","3"
"20-SV1-D-j26-1","01","SV113","SV113","3"
"20-SV1-E-j26-1","01","SV172","SV172","3"
"20-SV1-F-j26-1","01","SV140","SV140","3"
"20-SV1-G-j26-1","01","SV140","SV140","3"
"20-SV2-A-j26-1","01","SV200","SV200","3"
"20-SV2-B-j26-1","01","SV223","SV223","3"
"20-SV3-A-j26-1","01","SV300","SV300","3"
"20-SV3-B-j26-1","01","SV300","SV300","3"
"20-SV4-A-j26-1","01","SV410","SV410","3"
"20-SV5-A-j26-1","01","SV501","SV501","3"
"20-SV5-B-j26-1","01","SV501","SV501","3"
"2-221-S-j26-1","01","221-S","Salzburg - Villach - Klagenfurt","2"
"2-302-A-j26-1","01","302-A","Wien - Salzburg - Kufstein - Innsbruck - Bludenz - Bregenz - Lindau","2"
"2-501-M-j26-1","01","501-M","Wien - Wr.Neustadt - Mürzzuschlag - Bruck/Mur - Graz - Spielfeld-Straß","2"
"2-502-M-j26-1","01","502-M","Wien - Wr.Neustadt - Mürzzuschlag - Bruck/Mur - Graz - Spielfeld-Straß","2"
"2-512-B-j26-1","01","512-B","Wien - Bruck/Mur - Klagenfurt - Villach - Tarvis (I) - ...","2"
"2-524-A-j26-1","01","524-A","Wien - Bruck/Mur - Klagenfurt - Villach - Tarvis (I) - ...","2"
"2-530-M-j26-1","01","530-M","Graz - Selzthal - Linz","2"
"2-600-M-j26-1","01","600-M","Wien - Bruck/Mur - Klagenfurt - Villach - Tarvis (I) - ...","2"
"2-670-K-j26-1","01","670-K","Wien - Bruck/Mur - Klagenfurt - Villach - Tarvis (I) - ...","2"
"2-951-D-j26-1","01","951-D","Graz - Selzthal - Linz","2"
"2-960-A-j26-1","01","960-A","Bischofshofen - Schladming - Stainach-Irdning - Leoben - Bruck/M - Wien","2"
"2-R21-X-j26-1","01","REX21","Linz - Selzthal - Graz","2"
"2-R33-O-j26-1","01","REX33","Bischofshofen - Schladming - Stainach-Irdning - Leoben - Bruck/M - Wien","2"
"2-R41-W-j26-1","01","REX41","Wien - Salzburg - Kufstein - Innsbruck - Bludenz - Bregenz - Lindau","2"
"2-R42-O-j26-1","01","REX42","Linz - Selzthal - Graz","2"
"2-R44-N-j26-1","01","REX44","Wien - Salzburg - Kufstein - Innsbruck - Bludenz - Bregenz - Lindau","2"
"2-R50-O-j26-1","01","REX50","Linz - Selzthal - Graz","2"
"2-R50-W-j26-1","01","REX50","Wien - Salzburg - Kufstein - Innsbruck - Bludenz - Bregenz","2"
"2-R51-A-j26-1","01","REX51","Wien - Salzburg - Kufstein - Innsbruck - Bludenz - Bregenz","2"
"2-R51-O-j26-1","01","REX51","Linz - Selzthal - Graz","2"
"2-R53-A-j26-1","01","REX53","Wien - Salzburg - Kufstein - Innsbruck - Bludenz - Bregenz","2"
"2-R57-N-j26-1","01","REX57","Linz - Selzthal - Graz","2"
"2-R58-j26-1","01","REX58","Bischofshofen - Schladming - Stainach-Irdning - Leoben - Bruck/M - Wien","2"
"2-R62-N-j26-1","01","REX62","Wien - Bruck/Mur - Klagenfurt - Villach - Tarvis (I) - ...","2"
"2-R63-N-j26-1","01","REX63","Wien - Bruck/Mur - Klagenfurt - Villach - Tarvis (I) - ...","2"
"2-R64-N-j26-1","01","REX64","Wien - Bruck/Mur - Klagenfurt - Villach - Tarvis (I) - ...","2"
"2-R65-N-j26-1","01","REX65","Wien - Bruck/Mur - Klagenfurt - Villach - Tarvis (I) - ...","2"
"2-R70-O-j26-1","01","REX70","Linz - Selzthal - Graz","2"
"2-R72-O-j26-1","01","REX72","Linz - Selzthal - Graz","2"
"2-R81-W-j26-1","01","REX81","Wien - Salzburg - Kufstein - Innsbruck - Bludenz - Bregenz - Lindau","2"
"2-R92-N-j26-1","01","REX92","Wien - Bruck/Mur - Klagenfurt - Villach - Tarvis (I) - ...","2"
"2-R93-A-j26-1","01","REX93","Wien - Bruck/Mur - Klagenfurt - Villach - Tarvis (I) - ...","2"
"2-R97-N-j26-1","01","REX97","?????????????????????????????? - ??????????????????????????????","2"
"2-RW4-j26-1","01","REX4","Wien - Salzburg - Kufstein - Innsbruck - Bludenz - Bregenz - Lindau","2"
"2-RX1-K-j26-1","01","REX1","Breclav - Wien - Wr.Neustadt - Mürzzuschlag - Bruck/Mur - Klagenfurt - Villach - Spital/Millstättersee - Lienz","2"
"2-RX1-N-j26-1","01","RX1","Wien - Salzburg - Kufstein - Innsbruck - Bludenz - Bregenz","2"
"2-RX1-O-j26-1","01","REX1","Bischofshofen - Schladming - Stainach-Irdning - Leoben - Bruck/M - Wien","2"
"2-RX1-T-j26-1","01","REX1","Wien - Salzburg - Schwarzach-St.Veit - Innsbruck - Bludenz - Bregenz","2"
"2-RX1-V-j26-1","01","REX1","Lindau - Bregenz - Bludenz - Innsbruck - Kufstein - Salzburg - Wien","2"
"2-RX1-W-j26-1","01","REX1","Wien - Salzburg - Kufstein - Innsbruck - Bludenz - Bregenz - Lindau","2"
"2-RX2-K-j26-1","01","REX2","Wien - Bruck/Mur - Klagenfurt - Villach - Tarvis (I) - ...","2"
"2-RX2-S-j26-1","01","REX2","Linz - Selzthal - Graz","2"
"2-RX2-T-j26-1","01","REX2","Wien - Salzburg - Kufstein - Innsbruck - Bludenz - Bregenz - Lindau","2"
"2-RX2-W-j26-1","01","REX2","Wien - Salzburg - Kufstein - Innsbruck - Bludenz - Bregenz - Lindau","2"
"2-RX3-O-j26-1","01","REX3","Linz - Selzthal - Graz","2"
"2-RX3-S-j26-1","01","REX3","Salzburg - Villach - Klagenfurt","2"
"2-RX3-T-j26-1","01","REX3","Salzburg - Villach - Klagenfurt","2"
"2-RX3-W-j26-1","01","REX3","Wien - Salzburg - Kufstein - Innsbruck - Bludenz - Bregenz - Lindau","2"
"2-RX4-K-j26-1","01","REX4","Wien - Bruck/Mur - Klagenfurt - Villach - Tarvis (I) - ...","2"
"2-RX4-O-j26-1","01","REX4","Linz - Selzthal - Graz","2"
"2-RX4-T-j26-1","01","REX4","Wien - Salzburg - Kufstein - Innsbruck - Bludenz - Bregenz - Lindau","2"
"2-RX6-W-j26-1","01","REX6","Wien - Bruck/Mur - Klagenfurt - Villach - Tarvis (I) - ...","2"
"2-RX7-K-j26-1","01","REX7","Lindau - Bregenz - Bludenz - Innsbruck - Kufstein - Salzburg - Wien","2"
"2-RX7-V-j26-1","01","REX7","Lindau - Bregenz - Bludenz - Innsbruck - Kufstein - Salzburg - Wien","2"
"2-RX7-W-j26-1","01","REX7","Wien - Salzburg - Kufstein - Innsbruck - Bludenz - Bregenz - Lindau","2"
"2-RX8-M-j26-1","01","REX8","Wien - Wr.Neustadt - Mürzzuschlag - Bruck/Mur - Graz - Spielfeld-Straß","2"
"2-RX8-W-j26-1","01","REX8","Wien - Salzburg - Kufstein - Innsbruck - Bludenz - Bregenz - Lindau","2"
"2-RX9-W-j26-1","01","REX9","Wien - Bruck/Mur - Klagenfurt - Villach - Tarvis (I) - ...","2"
"3-103-D-j26-1","01","103-D","Linz - Selzthal - Graz","2"
"3-130-O-j26-1","01","130-O","Bischofshofen - Schladming - Stainach-Irdning - Leoben - Bruck/M - Wien","2"
"3-140-O-j26-1","01","140-O","Linz - Selzthal - Graz","2"
"3-190-S-j26-1","01","190-S","Linz - Selzthal - Graz","2"
"3-221-S-j26-1","01","221-S","Salzburg - Villach - Klagenfurt","2"
"3-499-M-j26-1","01","499-M","Wien - Wr.Neustadt - Mürzzuschlag - Bruck/Mur - Graz - Spielfeld-Straß","2"
"3-501-M-j26-1","01","501-M","Wien - Wr.Neustadt - Mürzzuschlag - Bruck/Mur - Graz - Spielfeld-Straß","2"
"3-510-N-j26-1","01","510-N","Wien - Bruck/Mur - Klagenfurt - Villach - Tarvis (I) - ...","2"
"3-520-N-j26-1","01","520-N","Wien - Bruck/Mur - Klagenfurt - Villach - Tarvis (I) - ...","2"
"3-530-M-j26-1","01","530-M","Graz - Selzthal - Linz","2"
"3-600-K-j26-1","01","600-K","Wien - Bruck/Mur - Klagenfurt - Villach - Tarvis (I) - ...","2"
"3-620-K-j26-1","01","620-K","Wien - Bruck/Mur - Klagenfurt - Villach - Tarvis (I) - ...","2"
"3-810-W-j26-1","01","810-W","Wien - Salzburg - Kufstein - Innsbruck - Bludenz - Bregenz - Lindau","2"
"3-R1-O-j26-1","01","R1","Bischofshofen - Schladming - Stainach-Irdning - Leoben - Bruck/M - Wien","2"
"3-R1-V-j26-1","01","1","Lindau - Bregenz - Bludenz - Innsbruck - Kufstein - Salzburg - Wien","2"
"3-R21-j26-1","01","R21","Linz - Selzthal - Graz","2"
"3-R2-O-j26-1","01","R2","Linz - Selzthal - Graz","2"
"3-R2-V-j26-1","01","R2","Lindau - Bregenz - Bludenz - Innsbruck - Kufstein - Salzburg - Wien","2"
"3-R33-O-j26-1","01","R33","Bischofshofen - Schladming - Stainach-Irdning - Leoben - Bruck/M - Wien","2"
"3-R3-O-j26-1","01","R3","Linz - Selzthal - Graz","2"
"3-R3-S-j26-1","01","R3","Salzburg - Villach - Klagenfurt","2"
"3-R3-W-j26-1","01","R3","Wien - Salzburg - Kufstein - Innsbruck - Bludenz - Bregenz - Lindau","2"
"3-R40-W-j26-1","01","R40","Wien - Salzburg - Kufstein - Innsbruck - Bludenz - Bregenz - Lindau","2"
"3-R41-W-j26-1","01","R41","Wien - Salzburg - Kufstein - Innsbruck - Bludenz - Bregenz - Lindau","2"
"3-R42-O-j26-1","01","R42","Linz - Selzthal - Graz","2"
"3-R44-N-j26-1","01","R44","Wien - Salzburg - Kufstein - Innsbruck - Bludenz - Bregenz - Lindau","2"
"3-R4-O-j26-1","01","R4","Linz - Selzthal - Graz","2"
"3-R4-W-j26-1","01","R4","Wien - Salzburg - Kufstein - Innsbruck - Bludenz - Bregenz - Lindau","2"
"3-R50-O-j26-1","01","R50","Linz - Selzthal - Graz","2"
"3-R51-O-j26-1","01","R51","Linz - Selzthal - Graz","2"
"3-R52-A-j26-1","01","R52","Wien - Salzburg - Kufstein - Innsbruck - Bludenz - Bregenz","2"
"3-R53-A-j26-1","01","R53","Linz - Selzthal - Graz","2"
"3-R53-O-j26-1","01","R53","Wien - Salzburg - Kufstein - Innsbruck - Bludenz - Bregenz","2"
"3-R54-N-j26-1","01","R54","?????????????????????????????? - ??????????????????????????????","2"
"3-R55-N-j26-1","01","R55","?????????????????????????????? - ??????????????????????????????","2"
"3-R57-O-j26-1","01","R57","Linz - Selzthal - Graz","2"
"3-R58-j26-1","01","R58","Bischofshofen - Schladming - Stainach-Irdning - Leoben - Bruck/M - Wien","2"
"3-R5-V-j26-1","01","R5","Wien - Salzburg - Kufstein - Innsbruck - Bludenz - Bregenz - Lindau","2"
"3-R5-W-j26-1","01","R5","Bischofshofen - Schladming - Stainach-Irdning - Leoben - Bruck/M - Wien","2"
"3-R62-N-j26-1","01","R62","Wien - Bruck/Mur - Klagenfurt - Villach - Tarvis (I) - ...","2"
"3-R6-T-j26-1","01","R6","Wien - Salzburg - Kufstein - Innsbruck - Bludenz - Bregenz - Lindau","2"
"3-R70-O-j26-1","01","R70","Linz - Selzthal - Graz","2"
"3-R71-O-j26-1","01","R71","Linz - Selzthal - Graz","2"
"3-R72-O-j26-1","01","R72","Linz - Selzthal - Graz","2"
"3-R81-W-j26-1","01","R81","Wien - Salzburg - Kufstein - Innsbruck - Bludenz - Bregenz - Lindau","2"
"3-R8-W-j26-1","01","R8","Wien - Salzburg - Kufstein - Innsbruck - Bludenz - Bregenz - Lindau","2"
"3-R91-A-j26-1","01","R91","Wien - Bruck/Mur - Klagenfurt - Villach - Tarvis (I) - ...","2"
"3-R92-N-j26-1","01","R92","Wien - Bruck/Mur - Klagenfurt - Villach - Tarvis (I) - ...","2"
"3-R93-A-j26-1","01","R93","Wien - Bruck/Mur - Klagenfurt - Villach - Tarvis (I) - ...","2"
"3-R95-N-j26-1","01","R95","Wien - Bruck/Mur - Klagenfurt - Villach - Tarvis (I) - ...","2"
"3-R96-N-j26-1","01","R96","?????????????????????????????? - ??????????????????????????????","2"
"3-R97-N-j26-1","01","R97","?????????????????????????????? - ??????????????????????????????","2"
"3-R98-N-j26-1","01","R98","?????????????????????????????? - ??????????????????????????????","2"
"3-R9-S-j26-1","01","R9","Bischofshofen - Schladming - Stainach-Irdning - Leoben - Bruck/M - Wien","2"
"3-RW1-j26-1","01","R1","Wien - Salzburg - Kufstein - Innsbruck - Bludenz - Bregenz - Lindau","2"
"4-C58-j26-1","01","CJX58","Bischofshofen - Schladming - Stainach-Irdning - Leoben - Bruck/M - Wien","2"
"4-CJ1-T-j26-1","01","CJX1","Wien - Salzburg - Kufstein - Innsbruck - Bludenz - Bregenz - Lindau","2"
"4-CJ5-X-j26-1","01","CJX5","Bischofshofen - Schladming - Stainach-Irdning - Leoben - Bruck/M - Wien","2"
"4-CX9-W-j26-1","01","CJX9","Wien - Bruck/Mur - Klagenfurt - Villach - Tarvis (I) - ...","2"
